time_namelookup,time_connect,time_pretransfer,time_starttransfer,time_total
0.000976,0.001092,0.001149,0.031998,0.032057
0.000889,0.001005,0.001064,0.020559,0.020621
0.001009,0.001121,0.001179,0.024395,0.024453
0.000900,0.001014,0.001075,0.022262,0.022343
0.000786,0.000891,0.000953,0.023509,0.023569
0.000924,0.001041,0.001099,0.034011,0.034078
0.000840,0.000954,0.001009,0.029745,0.029807
0.000872,0.000979,0.001039,0.030197,0.030256
0.000769,0.000869,0.000926,0.029206,0.029261
0.001552,0.001659,0.001718,0.030026,0.030133
0.000755,0.000877,0.000940,0.028534,0.028590
0.000931,0.001041,0.001096,0.021808,0.021871
0.001595,0.001705,0.001762,0.028623,0.028680
0.000810,0.000925,0.000986,0.018850,0.018906
0.001000,0.001100,0.001157,0.019189,0.019257
0.000941,0.001072,0.001128,0.021915,0.022015
0.000995,0.001108,0.001166,0.028559,0.028623
0.000956,0.001079,0.001147,0.020120,0.020182
0.001254,0.001387,0.001447,0.031899,0.031964
0.002711,0.002821,0.002880,0.036311,0.036372
0.000844,0.000959,0.001023,0.033429,0.033493
0.001022,0.001138,0.001204,0.020360,0.020754
0.000817,0.000936,0.001002,0.026620,0.026680
0.000881,0.000987,0.001047,0.031785,0.031867
0.000969,0.001088,0.001151,0.022947,0.023012
0.000767,0.000867,0.000926,0.028630,0.028688
0.000800,0.000917,0.000992,0.029114,0.029172
0.001656,0.001764,0.001828,0.029510,0.029572
0.000935,0.001049,0.001112,0.034043,0.034110
0.000802,0.000905,0.000969,0.029247,0.029334
0.000980,0.001086,0.001147,0.029980,0.030048
0.000797,0.000907,0.000970,0.034321,0.034379
0.000828,0.000941,0.000999,0.018174,0.018254
0.000709,0.000813,0.000875,0.019068,0.019127
0.000899,0.001023,0.001079,0.020900,0.020957
0.000780,0.000887,0.000945,0.022425,0.022481
0.000839,0.000940,0.001001,0.035527,0.035583
0.000813,0.000916,0.000981,0.020812,0.020868
0.000858,0.000968,0.001022,0.023507,0.023574
0.000701,0.000807,0.000874,0.033625,0.033688
0.000855,0.000963,0.001030,0.024039,0.024094
0.000802,0.000901,0.000965,0.021261,0.021330
0.002068,0.002184,0.002243,0.049353,0.049417
0.000893,0.001008,0.001070,0.023596,0.023674
0.001073,0.001178,0.001238,0.028529,0.028593
0.001042,0.001154,0.001226,0.033675,0.033745
0.000843,0.000958,0.001016,0.030018,0.030079
0.001348,0.001464,0.001522,0.028541,0.028597
0.000743,0.000858,0.000917,0.027039,0.027096
0.000816,0.000928,0.000991,0.019762,0.020563
0.000936,0.001050,0.001105,0.019917,0.019974
0.000995,0.001098,0.001162,0.027475,0.027548
0.000791,0.000896,0.000954,0.018707,0.018761
0.000842,0.000942,0.000998,0.026554,0.026610
0.000799,0.000909,0.000969,0.025983,0.026039
0.001620,0.001713,0.001766,0.020398,0.020467
0.000737,0.000842,0.000901,0.017931,0.018599
0.000828,0.000930,0.000983,0.034588,0.034652
0.000746,0.000855,0.000910,0.020465,0.020530
0.000833,0.000931,0.000986,0.031356,0.031416
0.000817,0.000937,0.000994,0.021398,0.021459
0.000843,0.000952,0.001009,0.029216,0.029281
0.000917,0.001045,0.001117,0.033614,0.033675
0.000852,0.000964,0.001025,0.020363,0.020427
0.001143,0.001261,0.001319,0.033802,0.033870
0.000855,0.000957,0.001012,0.023387,0.023445
0.001032,0.001150,0.001211,0.030101,0.030165
0.000944,0.001057,0.001114,0.027549,0.027613
0.001138,0.001244,0.001301,0.031018,0.031073
0.000795,0.000900,0.000967,0.029499,0.029558
0.001645,0.001751,0.001823,0.030457,0.030522
0.001112,0.001219,0.001297,0.037740,0.037799
0.001307,0.001426,0.001489,0.031188,0.031245
0.000861,0.000987,0.001055,0.037595,0.037656
0.001352,0.001456,0.001514,0.064167,0.064238
0.001129,0.001234,0.001304,0.030991,0.031051
0.000800,0.000912,0.000978,0.029553,0.029627
0.000849,0.000946,0.001007,0.019373,0.019430
0.000875,0.000984,0.001048,0.035397,0.035456
0.000909,0.001024,0.001089,0.041344,0.041406
0.000863,0.000972,0.001031,0.021458,0.021519
0.000932,0.001033,0.001098,0.034585,0.034651
0.000830,0.000940,0.001015,0.019224,0.019283
0.001039,0.001144,0.001204,0.020486,0.020544
0.000947,0.001061,0.001127,0.019863,0.019919
0.000876,0.000979,0.001040,0.033903,0.033981
0.000931,0.001032,0.001086,0.042495,0.042586
0.000945,0.001080,0.001142,0.034349,0.034420
0.000941,0.001049,0.001115,0.028068,0.028131
0.000792,0.000907,0.000968,0.020228,0.020283
0.000896,0.001001,0.001066,0.031005,0.031109
0.000800,0.000915,0.000974,0.027730,0.027788
0.000878,0.000982,0.001042,0.022389,0.022446
0.000890,0.000994,0.001069,0.020000,0.020061
0.001033,0.001138,0.001205,0.020529,0.020589
0.000942,0.001052,0.001110,0.020024,0.020097
0.000820,0.000922,0.000985,0.029778,0.029838
0.000684,0.000794,0.000862,0.042937,0.043003
0.000904,0.001015,0.001073,0.021545,0.021607
0.000913,0.001023,0.001087,0.020244,0.020303
0.000866,0.000982,0.001047,0.022003,0.022062
0.000899,0.001002,0.001061,0.023590,0.023678
0.001023,0.001148,0.001215,0.036628,0.036706
0.000932,0.001061,0.001134,0.031970,0.032042
0.001070,0.001186,0.001244,0.022225,0.022294
0.000995,0.001110,0.001165,0.023786,0.023847
0.001320,0.001423,0.001482,0.020728,0.020785
0.000926,0.001022,0.001079,0.031604,0.031660
0.000826,0.000924,0.000982,0.029633,0.029701
0.001243,0.001362,0.001424,0.029532,0.029605
0.000760,0.000869,0.000934,0.020006,0.020081
0.000850,0.000964,0.001030,0.027870,0.027924
0.000816,0.000924,0.000983,0.027995,0.028055
0.000853,0.000964,0.001032,0.031012,0.031074
0.000957,0.001077,0.001131,0.030493,0.030560
0.000830,0.000931,0.000984,0.032504,0.032571
0.002090,0.002209,0.002269,0.025251,0.025325
0.000886,0.000984,0.001042,0.053511,0.053584
0.000856,0.000967,0.001026,0.020102,0.020159
0.000791,0.000902,0.000966,0.027413,0.027470
0.000893,0.001007,0.001072,0.020541,0.020601
0.000838,0.000953,0.001017,0.028565,0.028629
0.000895,0.000994,0.001058,0.027657,0.027733
0.000932,0.001035,0.001095,0.020365,0.020432
0.001038,0.001149,0.001208,0.031356,0.031414
0.000828,0.000936,0.000996,0.028909,0.028974
0.001348,0.001446,0.001506,0.039240,0.039307
0.000964,0.001077,0.001144,0.030010,0.030084
0.000840,0.000939,0.001000,0.027229,0.027304
0.000896,0.001017,0.001076,0.035549,0.035623
0.000967,0.001064,0.001116,0.028605,0.028664
0.001060,0.001173,0.001234,0.032850,0.033879
0.000859,0.000995,0.001057,0.037800,0.037874
0.000818,0.000915,0.000973,0.029019,0.029092
0.000875,0.000985,0.001048,0.028413,0.028475
0.000984,0.001101,0.001168,0.020044,0.020110
0.000876,0.000986,0.001052,0.028437,0.028504
0.000944,0.001045,0.001107,0.027699,0.027754
0.000681,0.000786,0.000840,0.032828,0.032897
0.000879,0.000982,0.001047,0.033671,0.033747
0.000806,0.000914,0.000998,0.041261,0.041324
0.000883,0.000993,0.001056,0.028641,0.030090
0.000858,0.000976,0.001033,0.029699,0.029795
0.000916,0.001033,0.001085,0.020202,0.020257
0.001100,0.001234,0.001303,0.023941,0.024010
0.000772,0.000886,0.000946,0.029403,0.029688
0.001508,0.001615,0.001672,0.021766,0.022585
0.000724,0.000837,0.000902,0.025661,0.025727
0.000881,0.000986,0.001041,0.026968,0.027023
0.000802,0.000919,0.000985,0.021887,0.021953
0.000884,0.001005,0.001071,0.019633,0.019692
0.000828,0.000934,0.000998,0.028700,0.028767
0.000881,0.000986,0.001052,0.025293,0.025365
0.000659,0.000770,0.000828,0.030238,0.030299
0.001098,0.001206,0.001273,0.030512,0.030572
0.001500,0.001642,0.001713,0.034515,0.034574
0.001005,0.001102,0.001166,0.031038,0.031129
0.000917,0.001043,0.001109,0.026827,0.026889
0.000829,0.000932,0.000994,0.035989,0.036057
0.000987,0.001112,0.001172,0.021363,0.021419
0.000801,0.001028,0.001087,0.033960,0.034026
0.001663,0.001777,0.001866,0.021516,0.021623
0.000876,0.001034,0.001098,0.024293,0.024353
0.000920,0.001036,0.001092,0.025898,0.025965
0.000931,0.001054,0.001115,0.033138,0.033199
0.000972,0.001081,0.001140,0.027436,0.027518
0.000800,0.000916,0.001026,0.026345,0.026417
0.000876,0.000984,0.001045,0.026501,0.026555
0.000848,0.000958,0.001012,0.027100,0.027196
0.003561,0.003670,0.003732,0.037586,0.037644
0.000798,0.000911,0.000973,0.028758,0.028814
0.000912,0.001023,0.001085,0.031377,0.031455
0.000994,0.001126,0.001188,0.039211,0.039273
0.000889,0.001013,0.001074,0.029496,0.029568
0.001290,0.001409,0.001466,0.030837,0.030905
0.000808,0.000910,0.000974,0.027345,0.027484
0.001028,0.001157,0.001219,0.022289,0.022368
0.000949,0.001073,0.001134,0.026341,0.026407
0.001170,0.001290,0.001344,0.022240,0.022305
0.000806,0.000926,0.000990,0.027610,0.027666
0.000882,0.000992,0.001050,0.023261,0.023314
0.000831,0.000945,0.001005,0.028493,0.028563
0.000859,0.000957,0.001021,0.026616,0.026692
0.001063,0.001185,0.001262,0.020539,0.020622
0.001089,0.001198,0.001262,0.040578,0.040637
0.000975,0.001108,0.001187,0.031115,0.031188
0.000912,0.001005,0.001063,0.024917,0.024973
0.001071,0.001189,0.001250,0.033573,0.033651
0.000734,0.000858,0.000923,0.021657,0.021733
0.001352,0.001460,0.001520,0.024410,0.024470
0.000918,0.001019,0.001079,0.021962,0.022024
0.000891,0.000992,0.001050,0.030379,0.030443
0.001018,0.001120,0.001181,0.046874,0.046946
0.000957,0.001071,0.001126,0.021055,0.021116
0.001001,0.001114,0.001170,0.034939,0.035007
0.000989,0.001103,0.001161,0.030368,0.030432
0.000861,0.000969,0.001038,0.020507,0.020585
0.000851,0.000953,0.001016,0.018691,0.018780
0.000884,0.000993,0.001054,0.018208,0.018278
0.000936,0.001056,0.001111,0.018947,0.019019
0.000996,0.001102,0.001169,0.024592,0.024664
0.000850,0.000956,0.001014,0.026486,0.026543
0.002728,0.002841,0.002900,0.022358,0.022428
0.000893,0.001000,0.001061,0.028703,0.028782
0.001057,0.001191,0.001250,0.021191,0.021287
0.000919,0.001027,0.001084,0.026043,0.026106
0.000826,0.000937,0.000997,0.029904,0.029961
0.000776,0.000893,0.000956,0.021192,0.021249
0.000908,0.001013,0.001073,0.033674,0.033740
0.000694,0.000801,0.000869,0.029098,0.029166
0.001553,0.001660,0.001720,0.027752,0.027824
0.000881,0.000986,0.001053,0.038143,0.038225
0.000781,0.000890,0.000950,0.028197,0.028286
0.000891,0.000998,0.001062,0.031179,0.031271
0.001104,0.001257,0.001317,0.035391,0.035459
0.000899,0.001020,0.001069,0.028742,0.028806
0.001461,0.001584,0.001651,0.033891,0.033945
0.002972,0.003101,0.003158,0.032242,0.032318
0.001011,0.001127,0.001187,0.028437,0.028513
0.001027,0.001464,0.002006,0.021208,0.021282
0.001274,0.001470,0.001531,0.029606,0.029680
0.001075,0.001242,0.001312,0.030293,0.030353
0.001047,0.001165,0.001222,0.027631,0.027695
0.000852,0.000971,0.001043,0.026502,0.026561
0.001192,0.001303,0.001410,0.028110,0.028177
0.000905,0.001024,0.001088,0.029108,0.029163
0.000849,0.000975,0.001038,0.020135,0.020192
0.000926,0.001046,0.001117,0.025203,0.025261
0.000908,0.001045,0.001110,0.022072,0.022128
0.001467,0.001611,0.001682,0.019763,0.019826
0.000864,0.000978,0.001046,0.029315,0.029380
0.000776,0.000887,0.000969,0.029521,0.029580
0.001097,0.001234,0.001307,0.021125,0.021184
0.000784,0.000895,0.000959,0.028029,0.028106
0.001337,0.001444,0.001498,0.023352,0.023420
0.000919,0.001035,0.001087,0.031499,0.031557
0.001224,0.001346,0.001402,0.030630,0.030693
0.001059,0.001162,0.001225,0.042333,0.042396
0.000908,0.001019,0.001077,0.027339,0.027403
0.000864,0.000971,0.001028,0.035946,0.036008
0.000862,0.000977,0.001039,0.025961,0.026024
0.001041,0.001168,0.001238,0.020189,0.020251
0.000838,0.000971,0.001065,0.027785,0.027842
0.000834,0.000973,0.001034,0.027448,0.027501
0.001322,0.001440,0.001495,0.018426,0.018510
0.000870,0.001004,0.001069,0.030544,0.030601
0.001045,0.001157,0.001258,0.026087,0.026153
0.002440,0.002588,0.002657,0.035594,0.035658
0.000936,0.001055,0.001111,0.027662,0.027734
0.001004,0.001129,0.001183,0.031777,0.031845
0.001000,0.001134,0.001195,0.022178,0.022240
0.001045,0.001180,0.001251,0.021214,0.021272
0.000918,0.001046,0.001108,0.036584,0.036660
0.001010,0.001127,0.001183,0.026981,0.027055
0.001111,0.001240,0.001298,0.020311,0.020367
0.001016,0.001130,0.001189,0.019870,0.019925
0.000805,0.000919,0.000983,0.025482,0.025541
0.001012,0.001122,0.001180,0.025318,0.025393
0.000932,0.001061,0.001121,0.020607,0.020671
0.000911,0.001036,0.001102,0.028832,0.028888
0.000864,0.000976,0.001038,0.027305,0.027372
0.000846,0.000948,0.001012,0.027933,0.028019
0.001229,0.001363,0.001432,0.027542,0.027601
0.000899,0.001036,0.001109,0.028608,0.028678
0.000980,0.001104,0.001159,0.033603,0.033669
0.000791,0.000920,0.000999,0.030613,0.030671
0.000989,0.001107,0.001158,0.027939,0.028016
0.000898,0.001062,0.001119,0.024334,0.024404
0.003259,0.003396,0.003459,0.034901,0.034977
0.000806,0.000922,0.000981,0.026806,0.027336
0.001056,0.001172,0.001230,0.026675,0.026748
0.000922,0.001040,0.001105,0.019701,0.019759
0.000826,0.000946,0.001012,0.018762,0.018825
0.000803,0.000918,0.000979,0.026972,0.027025
0.001005,0.001112,0.001170,0.022101,0.022157
0.000909,0.001008,0.001064,0.027934,0.028008
0.000794,0.000894,0.000954,0.025664,0.025719
0.001467,0.001594,0.001668,0.031354,0.031434
0.001127,0.001260,0.001326,0.026223,0.026293
0.000985,0.001090,0.001152,0.035357,0.035428
0.000938,0.001071,0.001141,0.029394,0.029451
0.001042,0.001156,0.001217,0.030951,0.031015
0.000871,0.000981,0.001063,0.026664,0.026719
0.000866,0.000976,0.001030,0.027910,0.027972
0.000965,0.001079,0.001150,0.025252,0.025314
0.000910,0.001019,0.001086,0.025637,0.025699
0.000774,0.000880,0.000932,0.025077,0.025140
0.000880,0.000978,0.001031,0.026352,0.026416
0.000876,0.000982,0.001039,0.032990,0.033054
0.000931,0.001067,0.001163,0.021191,0.021250
0.001721,0.001838,0.001899,0.033251,0.033314
0.000869,0.000988,0.001053,0.032621,0.032682
0.001114,0.001257,0.001340,0.037365,0.037448
0.000869,0.000992,0.001054,0.033279,0.033342
0.003801,0.003902,0.003958,0.030585,0.030639
0.000953,0.001066,0.001133,0.026545,0.026604
0.001048,0.001161,0.001226,0.026031,0.026096
0.000859,0.000997,0.001058,0.025934,0.025990
0.000900,0.001046,0.001115,0.020911,0.020976
0.001153,0.001276,0.001339,0.021139,0.021204
0.000881,0.000986,0.001086,0.025546,0.026566
0.000883,0.000994,0.001060,0.018917,0.018978
0.000933,0.001050,0.001117,0.027871,0.027938
0.000908,0.001088,0.001150,0.019833,0.019893
0.001026,0.001134,0.001207,0.019345,0.019405
0.001038,0.001153,0.001222,0.028642,0.028701
0.000865,0.000976,0.001052,0.022947,0.023017
0.001161,0.001301,0.001380,0.030436,0.030508
0.000832,0.000935,0.000996,0.021874,0.021937
0.001265,0.001374,0.001428,0.026007,0.026065
0.002971,0.003089,0.003137,0.032855,0.034289
0.001492,0.001611,0.001668,0.032864,0.032939
0.000908,0.001031,0.001093,0.020679,0.020735
0.000944,0.001048,0.001107,0.018755,0.018809
0.000984,0.001099,0.001164,0.024106,0.024166
0.000940,0.001052,0.001117,0.025075,0.026072
0.000819,0.000927,0.000985,0.034333,0.034392
0.000892,0.000992,0.001052,0.021038,0.022068
0.000794,0.000919,0.000984,0.026503,0.026564
0.000779,0.000887,0.000949,0.025966,0.026032
0.000827,0.000951,0.001012,0.026298,0.026350
0.000781,0.000878,0.000945,0.025128,0.025195
0.001101,0.001234,0.001305,0.030323,0.030405
0.000897,0.001065,0.001124,0.021615,0.021677
0.001497,0.001596,0.001653,0.034619,0.035026
0.000874,0.000981,0.001040,0.026610,0.026682
0.000974,0.001107,0.001175,0.025111,0.025185
0.000843,0.000966,0.001025,0.020099,0.020155
0.001050,0.001170,0.001233,0.026908,0.026961
0.000943,0.001086,0.001151,0.025808,0.025865
0.000931,0.001053,0.001166,0.019786,0.019857
0.000790,0.000896,0.000956,0.032450,0.032506
0.000994,0.001111,0.001174,0.026255,0.026310
0.000830,0.000938,0.001002,0.026050,0.026121
0.001084,0.001190,0.001254,0.019183,0.019724
0.000834,0.000938,0.000998,0.029826,0.029895
0.000830,0.000936,0.000998,0.023645,0.023708
0.000932,0.001054,0.001115,0.021299,0.021354
0.000863,0.000989,0.001057,0.026920,0.026991
0.000988,0.001139,0.001216,0.025579,0.025662
0.001421,0.001544,0.001604,0.026999,0.027070
0.001102,0.001227,0.001286,0.028366,0.028432
0.001069,0.001208,0.001271,0.025459,0.025530
0.001042,0.001185,0.001241,0.026011,0.026069
0.001030,0.001153,0.001221,0.028633,0.028701
0.001047,0.001169,0.001231,0.024482,0.024544
0.000792,0.000900,0.000959,0.019875,0.019938
0.000958,0.001066,0.001123,0.029044,0.029122
0.000902,0.001007,0.001069,0.027104,0.027163
0.000992,0.001098,0.001156,0.020422,0.020490
0.000838,0.000958,0.001025,0.017390,0.017444
0.000752,0.000852,0.000932,0.018552,0.018612
0.000944,0.001049,0.001104,0.023726,0.023787
0.001011,0.001132,0.001194,0.033195,0.033274
0.001246,0.001379,0.001453,0.034365,0.034442
0.001165,0.001273,0.001333,0.028289,0.028360
0.001026,0.001152,0.001220,0.021333,0.021395
0.000966,0.001153,0.001217,0.020970,0.021046
0.000911,0.001029,0.001088,0.024247,0.024304
0.000835,0.000956,0.001029,0.019221,0.019277
0.000908,0.001031,0.001101,0.023976,0.024038
0.000878,0.000995,0.001060,0.022735,0.022801
0.000835,0.000939,0.001006,0.026414,0.026478
0.000802,0.000902,0.000967,0.025112,0.025170
0.001097,0.001218,0.001284,0.019169,0.019224
0.000823,0.000966,0.001028,0.019875,0.019943
0.000985,0.001106,0.001173,0.025785,0.025852
0.000912,0.001023,0.001084,0.019876,0.019935
0.000991,0.001108,0.001173,0.029134,0.029203
0.000812,0.000928,0.000993,0.019240,0.019295
0.000850,0.000960,0.001029,0.018837,0.018890
0.002076,0.002222,0.002289,0.024219,0.024276
0.000850,0.000983,0.001049,0.026138,0.026208
0.000985,0.001086,0.001140,0.029862,0.029920
0.000891,0.001010,0.001076,0.027106,0.027178
0.001147,0.001280,0.001343,0.024496,0.024556
0.000823,0.000944,0.001023,0.028934,0.028996
0.000878,0.000994,0.001056,0.020303,0.020356
0.000681,0.000775,0.000832,0.026361,0.026424
0.000801,0.000912,0.000979,0.023058,0.023113
0.000902,0.001018,0.001086,0.019171,0.019228
0.000731,0.000845,0.000913,0.019321,0.019375
0.000852,0.000972,0.001036,0.028455,0.028513
0.000945,0.001062,0.001126,0.021276,0.021335
0.000967,0.001082,0.001142,0.026258,0.026312
0.001093,0.001201,0.001262,0.027686,0.027741
0.000893,0.001018,0.001081,0.022164,0.022236
0.000800,0.000916,0.000981,0.021264,0.021323
0.001065,0.001171,0.001227,0.020339,0.020397
0.000811,0.000907,0.000965,0.024609,0.024674
0.001694,0.001811,0.001874,0.032172,0.032235
0.001019,0.001140,0.001199,0.024761,0.024825
0.000986,0.001103,0.001160,0.030157,0.030216
0.000976,0.001094,0.001155,0.029064,0.029119
0.001061,0.001231,0.001303,0.035837,0.035906
0.000775,0.000879,0.000940,0.031545,0.031623
0.000860,0.000976,0.001036,0.026300,0.026360
0.000875,0.001206,0.001279,0.025435,0.025500
0.000898,0.001030,0.001111,0.027267,0.027333
0.001010,0.001119,0.001181,0.021499,0.021563
0.001353,0.001471,0.001533,0.026412,0.026474
0.001044,0.001161,0.001232,0.027519,0.027584
0.001006,0.001184,0.001244,0.022498,0.022561
0.000907,0.001022,0.001079,0.032219,0.032275
0.000846,0.000953,0.001010,0.019416,0.019486
0.000997,0.001145,0.001206,0.020576,0.020641
0.000889,0.000996,0.001053,0.021684,0.021751
0.001126,0.001240,0.001295,0.033920,0.033985
0.000924,0.001028,0.001086,0.023853,0.023919
0.000888,0.000987,0.001041,0.022337,0.022401
0.000835,0.000983,0.001058,0.033810,0.033876
0.000873,0.000986,0.001043,0.027317,0.027380
0.000914,0.001016,0.001070,0.025710,0.025771
0.000918,0.001034,0.001095,0.020035,0.020087
0.001100,0.001210,0.001270,0.025789,0.025859
0.000811,0.000921,0.000984,0.020597,0.020672
0.001649,0.001807,0.001866,0.022630,0.022686
0.000855,0.000965,0.001028,0.031551,0.031608
0.001239,0.001372,0.001439,0.031798,0.031872
0.001211,0.001321,0.001382,0.024736,0.024799
0.003841,0.003966,0.004031,0.035244,0.035323
0.000825,0.000939,0.001002,0.025903,0.025966
0.000906,0.001019,0.001076,0.027782,0.027844
0.001149,0.001273,0.001334,0.027662,0.027744
0.001086,0.001207,0.001275,0.021639,0.021708
0.000914,0.001021,0.001078,0.030901,0.030974
0.000891,0.000999,0.001053,0.021616,0.021672
0.000876,0.000981,0.001038,0.027241,0.027307
0.000949,0.001054,0.001128,0.028793,0.028858
0.000841,0.000956,0.001020,0.019115,0.019177
0.000929,0.001031,0.001096,0.028031,0.028099
0.000951,0.001069,0.001137,0.020723,0.020776
0.001023,0.001146,0.001209,0.027422,0.027499
0.001219,0.001368,0.001442,0.035450,0.035542
0.000731,0.000839,0.000904,0.021192,0.021252
0.000956,0.001079,0.001188,0.029274,0.029337
0.001031,0.001162,0.001223,0.020663,0.020740
0.001011,0.001126,0.001187,0.025225,0.025287
0.000855,0.000982,0.001036,0.033769,0.033835
0.000954,0.001075,0.001137,0.026710,0.026768
0.000920,0.001033,0.001093,0.024332,0.024390
0.000994,0.001108,0.001166,0.028181,0.028250
0.000817,0.000973,0.001044,0.021404,0.021457
0.001482,0.001597,0.001657,0.022017,0.022080
0.000925,0.001087,0.001155,0.026269,0.026329
0.000926,0.001031,0.001094,0.023870,0.023926
0.000915,0.001035,0.001096,0.020474,0.020532
0.000877,0.000998,0.001065,0.020587,0.020643
0.001075,0.001183,0.001251,0.026620,0.026678
0.000930,0.001047,0.001110,0.020374,0.020456
0.000992,0.001101,0.001155,0.028854,0.028923
0.001070,0.001196,0.001274,0.024273,0.024798
0.001831,0.001950,0.002022,0.035994,0.036072
0.001040,0.001163,0.001226,0.026617,0.026736
0.001079,0.001194,0.001251,0.028703,0.028780
0.000815,0.000917,0.000970,0.020519,0.020579
0.001006,0.001119,0.001179,0.024431,0.024486
0.000761,0.000869,0.000924,0.028473,0.028531
0.001788,0.001909,0.001977,0.032138,0.032196
0.000812,0.000912,0.000971,0.030075,0.030144
0.000857,0.000980,0.001045,0.028100,0.028156
0.002550,0.002669,0.002735,0.031555,0.031844
0.000886,0.001000,0.001066,0.024290,0.024355
0.001104,0.001220,0.001281,0.027839,0.027906
0.000948,0.001064,0.001123,0.032646,0.032722
0.000901,0.001012,0.001077,0.028075,0.028127
0.001506,0.001635,0.001700,0.021530,0.021601
0.001860,0.001986,0.002068,0.032279,0.032347
0.000916,0.001030,0.001084,0.026407,0.026480
0.000963,0.001080,0.001157,0.031442,0.031508
0.000833,0.000941,0.000994,0.024257,0.024311
0.000865,0.000969,0.001042,0.028216,0.028281
0.000881,0.000983,0.001044,0.025692,0.025755
0.000780,0.000892,0.000952,0.027242,0.027309
0.000963,0.001085,0.001150,0.023004,0.023071
0.000867,0.000961,0.001019,0.023926,0.023992
0.000799,0.000908,0.000968,0.024331,0.024400
0.000904,0.001011,0.001070,0.019730,0.019802
0.000808,0.000937,0.001002,0.029558,0.029623
0.000965,0.001083,0.001139,0.024174,0.024241
0.001063,0.001185,0.001243,0.024407,0.024477
0.000912,0.001023,0.001084,0.037213,0.037272
0.002915,0.003031,0.003095,0.030214,0.030280
0.001018,0.001158,0.001229,0.060906,0.060972
0.001118,0.001241,0.001305,0.024812,0.024870
0.000761,0.000881,0.000947,0.020200,0.020255
0.000843,0.000965,0.001035,0.024174,0.024226
0.000887,0.000997,0.001060,0.034484,0.034555
0.000874,0.000979,0.001043,0.020538,0.020605
0.000883,0.001009,0.001079,0.026752,0.027669
0.000716,0.000842,0.000909,0.018712,0.018780
0.000897,0.001007,0.001071,0.019179,0.019234
0.000908,0.001021,0.001087,0.025799,0.025867
0.000987,0.001107,0.001165,0.025574,0.025652
0.000864,0.000988,0.001052,0.027920,0.028005
0.001029,0.001145,0.001204,0.027983,0.028056
0.000885,0.000995,0.001058,0.023822,0.023895
0.001075,0.001187,0.001246,0.027824,0.027882
0.000956,0.001098,0.001166,0.028613,0.028683
0.003256,0.003363,0.003415,0.030714,0.030775
0.000802,0.000916,0.000971,0.025397,0.025477
0.000964,0.001073,0.001134,0.024570,0.024634
0.000853,0.000965,0.001031,0.025682,0.025738
0.000971,0.001084,0.001141,0.031153,0.031216
0.001163,0.001281,0.001341,0.025379,0.025442
0.000859,0.000956,0.001021,0.028684,0.028750
0.000902,0.001014,0.001077,0.023931,0.023986
0.000871,0.001593,0.001690,0.025334,0.025390
0.000918,0.001039,0.001098,0.030295,0.030367
0.000885,0.001000,0.001060,0.030116,0.030193
0.001114,0.001232,0.001291,0.029529,0.029596
0.000875,0.000984,0.001040,0.021474,0.021531
0.002374,0.002508,0.002581,0.030706,0.030791
0.000980,0.001113,0.001176,0.025156,0.025213
0.001014,0.001131,0.001190,0.025606,0.025665
0.000841,0.000951,0.001011,0.028687,0.028746
0.000866,0.000973,0.001036,0.031798,0.031856
0.000888,0.000998,0.001062,0.020435,0.020490
0.001142,0.001248,0.001302,0.018283,0.018338
0.000938,0.001053,0.001125,0.023338,0.023398
0.000891,0.000991,0.001048,0.023886,0.023957
0.001301,0.001414,0.001483,0.029052,0.029117
0.001034,0.001152,0.001251,0.025021,0.025077
0.000991,0.001105,0.001176,0.034922,0.034999
0.000983,0.001096,0.001154,0.023044,0.023101
0.001007,0.001134,0.001208,0.025340,0.025401
0.000905,0.001020,0.001086,0.023107,0.023166
0.001188,0.001308,0.001370,0.031771,0.031847
0.000964,0.001100,0.001191,0.029476,0.029542
0.002216,0.002335,0.002400,0.027835,0.027896
0.001060,0.001173,0.001241,0.025512,0.025586
0.001002,0.001105,0.001166,0.027917,0.027976
0.000925,0.001041,0.001106,0.028912,0.028972
0.000956,0.001086,0.001142,0.018832,0.018886
0.001110,0.001228,0.001296,0.030188,0.030252
0.000819,0.000915,0.000974,0.025300,0.025358
0.001001,0.001124,0.001185,0.026358,0.026418
0.000860,0.001000,0.001064,0.022608,0.022690
0.001071,0.001190,0.001251,0.023599,0.023672
0.000775,0.000893,0.000956,0.027296,0.027373
0.001078,0.001207,0.001271,0.022294,0.022365
0.000934,0.001049,0.001106,0.030179,0.030275
0.000987,0.001108,0.001168,0.021794,0.021853
0.001128,0.001253,0.001321,0.027553,0.028127
0.001088,0.001236,0.001300,0.027151,0.027224
0.000866,0.000987,0.001053,0.020522,0.020594
0.001017,0.001112,0.001163,0.023707,0.023777
0.000806,0.000916,0.000985,0.019879,0.019947
0.001007,0.001109,0.001171,0.025453,0.025532
0.000896,0.001003,0.001066,0.031685,0.031748
0.000872,0.000989,0.001058,0.031688,0.031744
0.000925,0.001029,0.001091,0.018717,0.018780
0.000864,0.000984,0.001047,0.022694,0.022759
0.000977,0.001090,0.001153,0.018657,0.018724
0.000775,0.000865,0.000922,0.023395,0.023461
0.000956,0.001067,0.001124,0.037865,0.037942
0.000876,0.001033,0.001103,0.026428,0.026505
0.001130,0.001252,0.001323,0.020878,0.020939
0.001544,0.001644,0.001698,0.023268,0.023332
0.001149,0.001280,0.001344,0.030758,0.030844
0.000909,0.001041,0.001111,0.028570,0.028634
0.000802,0.000978,0.001042,0.030356,0.030413
0.000911,0.001022,0.001081,0.018896,0.018967
0.000850,0.000952,0.001010,0.019178,0.019239
0.000986,0.001089,0.001143,0.037947,0.038042
0.000983,0.001105,0.001174,0.018970,0.019026
0.000887,0.001020,0.001082,0.030998,0.031055
0.000903,0.001019,0.001083,0.030439,0.030511
0.001125,0.001245,0.001312,0.039260,0.039327
0.000901,0.001011,0.001076,0.019486,0.019554
0.001139,0.001258,0.001316,0.033752,0.033826
0.000783,0.000913,0.000972,0.023864,0.023927
0.000978,0.001105,0.001165,0.022523,0.022579
0.000831,0.000957,0.001017,0.022405,0.022471
0.001582,0.001724,0.001786,0.030411,0.030472
0.000809,0.000922,0.000984,0.026461,0.026542
0.000951,0.001062,0.001119,0.029684,0.029740
0.000972,0.001094,0.001152,0.029928,0.029984
0.000950,0.001078,0.001139,0.028447,0.028502
0.000990,0.001115,0.001182,0.020145,0.020201
0.001011,0.001131,0.001197,0.024805,0.024964
0.000982,0.001101,0.001169,0.019839,0.019895
0.000865,0.000989,0.001069,0.029279,0.029346
0.001059,0.001189,0.001255,0.032786,0.032865
0.000924,0.001039,0.001105,0.022098,0.022167
0.001054,0.001177,0.001256,0.029921,0.030017
0.001144,0.001266,0.001377,0.024319,0.024393
0.001215,0.001328,0.001393,0.038217,0.038280
0.001143,0.001274,0.001344,0.029250,0.029325
0.000999,0.001120,0.001184,0.020325,0.020415
0.000855,0.000998,0.001058,0.019625,0.019679
0.000803,0.000910,0.000965,0.024747,0.024804
0.000990,0.001101,0.001162,0.021642,0.021703
0.001965,0.002071,0.002123,0.026219,0.026294
0.000996,0.001119,0.001180,0.019551,0.019614
0.000950,0.001091,0.001149,0.022767,0.022833
0.003070,0.003252,0.003606,0.022910,0.022982
0.000912,0.001035,0.001092,0.025818,0.025873
0.000940,0.001062,0.001123,0.021473,0.021536
0.000887,0.001019,0.001081,0.027663,0.027728
0.001083,0.001206,0.001271,0.024050,0.024125
0.001051,0.001171,0.001239,0.035681,0.035783
0.001186,0.001311,0.001383,0.022324,0.022389
0.000712,0.000865,0.006733,0.024444,0.024509
0.001111,0.001234,0.001306,0.027487,0.027543
0.000976,0.001102,0.001170,0.020379,0.020441
0.001044,0.001163,0.001226,0.027904,0.027965
0.000819,0.000935,0.000996,0.027719,0.027782
0.000864,0.000981,0.001041,0.028544,0.028614
0.000901,0.001129,0.001198,0.026896,0.026955
0.000855,0.000966,0.001025,0.023601,0.023667
0.001081,0.001185,0.001243,0.018482,0.018548
0.000948,0.001051,0.001101,0.026625,0.026682
0.000892,0.001014,0.001075,0.026325,0.026383
0.000858,0.000967,0.001028,0.031596,0.031656
0.000908,0.001016,0.001072,0.028461,0.028546
0.000989,0.001108,0.001173,0.026765,0.027331
0.001568,0.001716,0.001789,0.030000,0.030066
0.001169,0.001282,0.001348,0.025468,0.025535
0.001032,0.001137,0.001205,0.028600,0.028670
0.000860,0.000959,0.001016,0.024817,0.024892
0.001131,0.001246,0.001307,0.032222,0.032299
0.000890,0.001022,0.001087,0.028390,0.028464
0.001386,0.001494,0.001555,0.029587,0.029677
0.001174,0.001292,0.001356,0.029881,0.029948
0.001035,0.001149,0.001203,0.029021,0.029096
0.001040,0.001158,0.001218,0.028236,0.028298
0.000824,0.000932,0.001005,0.020228,0.020287
0.000861,0.000977,0.001041,0.026484,0.026543
0.000732,0.000836,0.000896,0.024548,0.024614
0.000994,0.001111,0.001169,0.033822,0.033890
0.000854,0.000957,0.001054,0.028157,0.028232
0.001187,0.001309,0.001386,0.021982,0.022051
0.001027,0.001158,0.001218,0.024138,0.024192
0.001100,0.001242,0.001313,0.029336,0.029394
0.001036,0.001152,0.001217,0.027996,0.028061
0.001070,0.001186,0.001243,0.032546,0.032617
0.001078,0.001189,0.001248,0.021706,0.021764
0.000966,0.001078,0.001134,0.026789,0.026858
0.001040,0.001155,0.001219,0.026572,0.026638
0.000925,0.001042,0.001102,0.026766,0.026826
0.002498,0.002885,0.002975,0.025080,0.025138
0.000972,0.001082,0.001147,0.026102,0.026160
0.000856,0.000993,0.001069,0.022799,0.022853
0.000867,0.000970,0.001033,0.024295,0.024349
0.000917,0.001031,0.001132,0.033217,0.033299
0.000909,0.001033,0.001107,0.022583,0.022669
0.001002,0.001107,0.001164,0.029560,0.029634
0.001066,0.001182,0.001240,0.027391,0.027451
0.001356,0.001466,0.001526,0.032793,0.032865
0.001127,0.001233,0.001299,0.029680,0.032680
0.000801,0.000901,0.000958,0.039906,0.039979
0.001201,0.001308,0.001364,0.032012,0.032080
0.000944,0.001046,0.001103,0.043415,0.043490
0.000937,0.001041,0.001101,0.030184,0.030253
0.000869,0.000968,0.001027,0.026104,0.026175
0.001006,0.001117,0.001178,0.024836,0.024913
0.001020,0.001124,0.001187,0.022811,0.022897
0.001083,0.002143,0.002219,0.039657,0.039747
0.000765,0.000888,0.000947,0.020119,0.020187
0.001049,0.001164,0.001236,0.039147,0.039218
0.000924,0.001079,0.001149,0.020902,0.020961
0.001039,0.001155,0.001211,0.021089,0.021168
0.001189,0.001317,0.001390,0.021771,0.021835
0.001111,0.001218,0.001278,0.025669,0.025740
0.000858,0.000976,0.001040,0.019967,0.020040
0.000749,0.000854,0.000910,0.020533,0.021529
0.001067,0.001196,0.001251,0.029582,0.029640
0.001449,0.001552,0.001604,0.030918,0.030992
0.001090,0.001210,0.001281,0.029687,0.029756
0.001094,0.001194,0.001251,0.026533,0.026596
0.002537,0.002648,0.002712,0.020623,0.020713
0.001064,0.001177,0.001235,0.020838,0.020897
0.004702,0.004851,0.004906,0.035332,0.035408
0.001177,0.001295,0.001357,0.026111,0.026175
0.002876,0.003019,0.003157,0.031382,0.039522
0.000859,0.000975,0.001029,0.026603,0.026671
0.001126,0.001252,0.001319,0.033919,0.033995
0.001061,0.001165,0.001220,0.023546,0.023609
0.001002,0.001116,0.001178,0.032156,0.032234
0.001059,0.001190,0.001253,0.027062,0.027123
0.001012,0.001136,0.001196,0.021925,0.021983
0.000953,0.001071,0.001129,0.024087,0.024152
0.001023,0.001134,0.001186,0.020722,0.020794
0.001549,0.001695,0.001767,0.020665,0.020729
0.000824,0.000949,0.001012,0.025242,0.025300
0.002283,0.002388,0.002446,0.025374,0.025454
0.000939,0.001120,0.001176,0.026177,0.026254
0.001121,0.001242,0.001296,0.022479,0.022552
0.000992,0.001114,0.001176,0.027849,0.027926
0.001262,0.001408,0.001473,0.022980,0.023477
0.000904,0.001037,0.001095,0.024407,0.024481
0.001052,0.001192,0.001247,0.031772,0.031847
0.000933,0.001056,0.001118,0.024239,0.024319
0.001194,0.001318,0.001375,0.029722,0.029805
0.000857,0.000992,0.001072,0.027507,0.027576
0.000872,0.000986,0.001038,0.026765,0.026828
0.000990,0.001119,0.001173,0.028235,0.028299
0.001004,0.001142,0.001202,0.024242,0.024301
0.001421,0.001559,0.001618,0.024220,0.024286
0.001424,0.001590,0.001651,0.024099,0.024163
0.001035,0.001179,0.001243,0.021078,0.021136
0.000729,0.000839,0.000899,0.031702,0.031774
0.000806,0.000949,0.001010,0.026294,0.026367
0.000986,0.001100,0.001156,0.019861,0.019921
0.001045,0.001170,0.001226,0.026771,0.026843
0.000971,0.001092,0.001147,0.021944,0.022017
0.001373,0.001489,0.001552,0.029045,0.029113
0.001394,0.001526,0.001589,0.028759,0.028840
0.002683,0.002801,0.002861,0.031641,0.031693
0.000895,0.001001,0.001057,0.026373,0.026442
0.000802,0.000907,0.000965,0.027979,0.028035
0.004345,0.004460,0.004523,0.029428,0.029500
0.001025,0.001180,0.001243,0.020020,0.020090
0.001082,0.001240,0.001292,0.019321,0.019383
0.000895,0.001056,0.001129,0.031230,0.031299
0.000953,0.001067,0.001127,0.026120,0.026184
0.000960,0.001097,0.001157,0.033717,0.033784
0.001314,0.001429,0.001484,0.038766,0.038843
0.000905,0.001025,0.001120,0.029193,0.029273
0.001160,0.001308,0.001375,0.029267,0.029335
0.001050,0.001177,0.001246,0.027845,0.027926
0.000990,0.001122,0.001176,0.029417,0.029482
0.001136,0.001255,0.001310,0.025412,0.025481
0.001044,0.001156,0.001212,0.031827,0.031905
0.000856,0.000973,0.001027,0.020308,0.020373
0.001119,0.001240,0.001303,0.024662,0.024717
0.000990,0.001108,0.001167,0.036633,0.036708
0.001125,0.001238,0.001301,0.030503,0.030566
0.002049,0.002176,0.002237,0.035543,0.035601
0.002382,0.002514,0.002571,0.032790,0.032936
0.000959,0.001075,0.001135,0.023531,0.023605
0.000847,0.000951,0.001004,0.019845,0.020392
0.001030,0.001138,0.001192,0.031134,0.031200
0.001142,0.001257,0.001311,0.021825,0.021883
0.001099,0.001240,0.001320,0.029710,0.029771
0.001096,0.001211,0.001273,0.025384,0.025450
0.001637,0.001751,0.001810,0.025184,0.025241
0.000866,0.000974,0.001031,0.029139,0.029216
0.001015,0.001111,0.001184,0.020596,0.020665
0.000814,0.000918,0.000979,0.023387,0.023450
0.001008,0.001117,0.001170,0.031685,0.031748
0.001006,0.001109,0.001167,0.019673,0.019737
0.000919,0.001057,0.001113,0.029003,0.029073
0.001656,0.001978,0.002045,0.026453,0.026991
0.000984,0.001088,0.001147,0.020620,0.020704
0.000932,0.001065,0.001126,0.029543,0.029603
0.000993,0.001105,0.001193,0.020639,0.020702
0.000956,0.001074,0.001135,0.022682,0.022753
0.000993,0.001113,0.001169,0.028285,0.028342
0.001091,0.001223,0.001292,0.038894,0.038951
0.001037,0.001163,0.001231,0.034066,0.034130
0.001754,0.001850,0.001904,0.032976,0.033047
0.000917,0.001028,0.001098,0.022379,0.022461
0.001166,0.001311,0.001379,0.024262,0.024315
0.001032,0.001187,0.001257,0.025406,0.025484
0.001048,0.001177,0.001240,0.036474,0.036534
0.000946,0.001071,0.001136,0.034546,0.034609
0.000971,0.001082,0.001137,0.024074,0.024139
0.000815,0.000928,0.000994,0.023097,0.023166
0.000742,0.000849,0.000903,0.026142,0.026210
0.000920,0.001036,0.001099,0.022730,0.022806
0.000842,0.000967,0.001029,0.028188,0.028246
0.001611,0.001715,0.001778,0.023771,0.023832
0.001096,0.001209,0.001268,0.021537,0.021614
0.001019,0.001141,0.001204,0.027146,0.027204
0.000893,0.000995,0.001047,0.030055,0.030112
0.001073,0.001189,0.001247,0.021668,0.021725
0.000881,0.001005,0.001065,0.018832,0.018890
0.001356,0.001475,0.001534,0.025253,0.025316
0.000865,0.001002,0.001073,0.021071,0.021140
0.000780,0.000896,0.000963,0.025222,0.025307
0.000832,0.000933,0.000987,0.019953,0.020027
0.000895,0.001026,0.001090,0.019102,0.019155
0.001105,0.001229,0.001298,0.036227,0.036305
0.000903,0.001022,0.001082,0.024204,0.024259
0.001306,0.001428,0.001495,0.021592,0.021650
0.000868,0.000983,0.001042,0.025121,0.025186
0.000807,0.000953,0.001014,0.025978,0.026039
0.000800,0.000935,0.000996,0.028930,0.028987
0.001195,0.001370,0.001444,0.035429,0.036033
0.001039,0.001168,0.001236,0.027665,0.027735
0.001465,0.001564,0.001622,0.022898,0.022958
0.000909,0.001018,0.001075,0.024016,0.024580
0.001051,0.001168,0.001228,0.020117,0.020170
0.000776,0.000908,0.000975,0.029854,0.029930
0.000936,0.001048,0.001113,0.029503,0.029552
0.000881,0.000982,0.001037,0.022288,0.022375
0.000979,0.001085,0.001149,0.019530,0.019591
0.000968,0.001073,0.001134,0.022355,0.022416
0.000947,0.001065,0.001122,0.023740,0.023799
0.000976,0.001092,0.001151,0.026820,0.026885
0.001411,0.001525,0.001584,0.028174,0.028238
0.000838,0.000941,0.000995,0.018734,0.018802
0.000967,0.001064,0.001116,0.032484,0.032563
0.001138,0.001254,0.001313,0.029017,0.029084
0.000844,0.000994,0.001071,0.021531,0.021599
0.001002,0.001121,0.001179,0.030688,0.030761
0.001182,0.001275,0.001330,0.030000,0.030074
0.000974,0.001106,0.001173,0.025818,0.025876
0.000821,0.000923,0.000976,0.037880,0.037952
0.002182,0.002305,0.002364,0.024279,0.024346
0.001225,0.001357,0.001421,0.020852,0.020910
0.001023,0.001158,0.001220,0.027972,0.028035
0.001713,0.001846,0.001914,0.026094,0.026149
0.001101,0.001205,0.001261,0.055502,0.055591
0.000839,0.000954,0.001015,0.029112,0.029178
0.000877,0.001017,0.001073,0.028079,0.028147
0.001025,0.001160,0.001220,0.022254,0.022331
0.001015,0.001133,0.001192,0.020500,0.020561
0.001241,0.001380,0.001453,0.044962,0.045053
0.001231,0.001355,0.001420,0.026601,0.026685
0.001025,0.001164,0.001219,0.023471,0.023536
0.000945,0.001052,0.001108,0.022383,0.022445
0.001078,0.001189,0.001251,0.030602,0.030681
0.001339,0.001479,0.001542,0.020233,0.020305
0.001066,0.001182,0.001237,0.026387,0.026478
0.002537,0.002637,0.002696,0.039229,0.039298
0.001019,0.001151,0.001217,0.028254,0.028315
0.001099,0.001244,0.001311,0.020561,0.020624
0.000904,0.001018,0.001083,0.025883,0.025951
0.000960,0.001072,0.001130,0.021137,0.021207
0.002420,0.002545,0.002601,0.029440,0.029509
0.001090,0.001212,0.001276,0.030937,0.031026
0.001215,0.001332,0.001388,0.021134,0.021619
0.001069,0.001175,0.001238,0.040863,0.040936
0.000954,0.001060,0.001121,0.025166,0.025236
0.000941,0.001060,0.001119,0.028110,0.028179
0.000920,0.001041,0.001099,0.035054,0.035114
0.004432,0.004551,0.004610,0.040024,0.040094
0.001029,0.001142,0.001201,0.024900,0.024963
0.000909,0.001016,0.001070,0.044530,0.044603
0.001404,0.001541,0.001611,0.036283,0.036350
0.000911,0.001026,0.001077,0.025495,0.025565
0.001060,0.001166,0.001223,0.029844,0.029931
0.000903,0.001015,0.001074,0.027227,0.027291
0.001156,0.001277,0.001335,0.037931,0.037987
0.000829,0.000936,0.000989,0.019589,0.019645
0.001074,0.001191,0.001248,0.027265,0.027333
0.001053,0.001155,0.001211,0.025297,0.025364
0.000901,0.001009,0.001061,0.029305,0.029363
0.001012,0.001120,0.001182,0.033575,0.033648
0.001075,0.001207,0.001274,0.025056,0.025111
0.000930,0.001051,0.001105,0.037897,0.037956
0.001735,0.001855,0.001917,0.025121,0.025190
0.001174,0.001300,0.001365,0.020830,0.020888
0.001045,0.001162,0.001220,0.028456,0.028524
0.002761,0.002888,0.002948,0.024675,0.024740
0.000913,0.001016,0.001070,0.022964,0.023036
0.001903,0.002013,0.002074,0.035779,0.035842
0.000958,0.001075,0.001128,0.025724,0.025803
0.001057,0.001181,0.001241,0.031637,0.031714
0.000863,0.001012,0.001084,0.019919,0.019980
0.000922,0.001031,0.001094,0.019464,0.019526
0.001104,0.001209,0.001276,0.030324,0.030385
0.001032,0.001160,0.001222,0.032579,0.032635
0.001024,0.001166,0.001233,0.037170,0.037240
0.002383,0.002496,0.002566,0.033124,0.033182
0.001130,0.001263,0.001326,0.028375,0.028431
0.001042,0.001174,0.001241,0.030409,0.030470
0.001135,0.001269,0.001329,0.047008,0.047073
0.000895,0.001021,0.001079,0.029555,0.029635
0.000996,0.001108,0.001175,0.022943,0.023024
0.000857,0.001182,0.001822,0.028924,0.029004
0.001413,0.001527,0.001585,0.029548,0.029607
0.001128,0.001262,0.001325,0.024359,0.024424
0.001060,0.001193,0.001267,0.032966,0.033030
0.001080,0.001203,0.001262,0.019981,0.020049
0.000922,0.001030,0.001090,0.026327,0.026384
0.001094,0.001220,0.001278,0.027977,0.028056
0.001115,0.001409,0.001474,0.032515,0.032579
0.001045,0.001178,0.001244,0.022870,0.022944
0.001047,0.001157,0.001215,0.032295,0.032364
0.001244,0.001362,0.001419,0.023463,0.023525
0.001272,0.001402,0.001464,0.020419,0.020478
0.001033,0.001160,0.001216,0.018575,0.018640
0.000943,0.001053,0.001110,0.022945,0.023007
0.000930,0.001031,0.001085,0.021190,0.021264
0.000872,0.000996,0.001056,0.026100,0.026157
0.004005,0.004130,0.004189,0.041807,0.041865
0.001114,0.001281,0.001344,0.026583,0.026661
0.003979,0.004106,0.004166,0.035274,0.035337
0.000946,0.001056,0.001115,0.020357,0.020446
0.002176,0.002286,0.002347,0.033911,0.033990
0.000915,0.001029,0.001092,0.026545,0.026615
0.001466,0.001599,0.001664,0.032716,0.032790
0.000902,0.001043,0.001114,0.027854,0.027925
0.000920,0.001021,0.001077,0.020198,0.020751
0.001129,0.001240,0.001298,0.018814,0.019372
0.000965,0.001084,0.001147,0.026522,0.028497
0.001213,0.001339,0.001400,0.035928,0.035990
0.001110,0.001249,0.001309,0.019050,0.019119
0.001040,0.001145,0.001205,0.021318,0.021394
0.000818,0.000929,0.000986,0.025602,0.025660
0.004617,0.004724,0.004783,0.023113,0.023175
0.000901,0.001035,0.001103,0.021553,0.021626
0.001042,0.001159,0.001220,0.029681,0.029736
0.001078,0.001190,0.001253,0.029550,0.029622
0.002304,0.002409,0.002469,0.044441,0.044507
0.001139,0.001252,0.001305,0.024878,0.024938
0.000906,0.001014,0.001072,0.037760,0.037835
0.001027,0.001138,0.001190,0.030748,0.030817
0.001160,0.001269,0.001330,0.035275,0.035337
0.001107,0.001258,0.001318,0.025764,0.025827
0.000876,0.000979,0.001050,0.027873,0.027936
0.003262,0.003369,0.003427,0.033470,0.033523
0.000811,0.000922,0.000981,0.024699,0.024763
0.001200,0.001312,0.001369,0.031874,0.031929
0.001118,0.001229,0.001300,0.025587,0.025661
0.001180,0.001308,0.001382,0.027031,0.028468
0.001089,0.001195,0.001249,0.024537,0.024605
0.000946,0.001066,0.001126,0.032877,0.032942
0.001009,0.001114,0.001175,0.036287,0.036357
0.005945,0.006056,0.006117,0.031508,0.031586
0.001023,0.001139,0.001229,0.031651,0.031717
0.001094,0.001219,0.001286,0.037725,0.037786
0.000913,0.001019,0.001076,0.026375,0.026433
0.001228,0.001342,0.001397,0.022068,0.022143
0.000948,0.001078,0.001140,0.027603,0.027668
0.000892,0.001011,0.001074,0.024817,0.024873
0.002709,0.002806,0.002869,0.033961,0.034039
0.000841,0.000970,0.001032,0.021444,0.021514
0.001861,0.001987,0.002051,0.027139,0.027216
0.001048,0.001159,0.001211,0.027598,0.027667
0.001301,0.001407,0.001476,0.030167,0.030232
0.000866,0.000982,0.001042,0.025217,0.025295
0.000985,0.001095,0.001152,0.028047,0.028116
0.001052,0.001183,0.001244,0.021168,0.021224
0.001076,0.001198,0.001264,0.029287,0.029365
0.001083,0.001218,0.001284,0.027295,0.027375
0.001091,0.001211,0.001295,0.045712,0.045792
0.000977,0.001090,0.001144,0.026674,0.026742
0.000822,0.000922,0.000978,0.023190,0.023251
0.000989,0.001091,0.001144,0.025887,0.025951
0.000897,0.001006,0.001065,0.026113,0.026180
0.001035,0.001142,0.001203,0.037485,0.037565
0.001099,0.001232,0.001294,0.037801,0.037865
0.001919,0.002024,0.002082,0.028892,0.028968
0.001156,0.001310,0.001376,0.022112,0.022170
0.001107,0.001226,0.001285,0.021907,0.021970
0.000760,0.000865,0.000929,0.025546,0.025616
0.000928,0.001035,0.001099,0.036829,0.036886
0.001516,0.001621,0.001684,0.024394,0.024459
0.000991,0.001117,0.001187,0.021087,0.021151
0.001258,0.001385,0.001445,0.022932,0.023009
0.001039,0.001159,0.001240,0.023513,0.023576
0.001163,0.001272,0.001335,0.032368,0.032437
0.000930,0.001039,0.001102,0.032664,0.032736
0.002169,0.002269,0.002325,0.028016,0.028079
0.000903,0.001016,0.001075,0.025721,0.025785
0.001500,0.001630,0.001694,0.029977,0.030052
0.001055,0.001168,0.001224,0.037436,0.037510
0.001050,0.001189,0.001260,0.022033,0.022107
0.001060,0.001178,0.001235,0.031016,0.031085
0.000971,0.001098,0.001170,0.020930,0.020993
0.000891,0.001007,0.001072,0.023830,0.023896
0.002552,0.002658,0.002719,0.031566,0.031639
0.001065,0.001185,0.001243,0.024756,0.024820
0.000871,0.000991,0.001056,0.028432,0.028489
0.000882,0.000991,0.001050,0.027453,0.027514
0.001038,0.001172,0.001235,0.021248,0.021302
0.001095,0.001228,0.001288,0.020015,0.020076
0.000871,0.000994,0.001056,0.023075,0.023133
0.002462,0.002593,0.002654,0.021791,0.021845
0.001036,0.001156,0.001219,0.021764,0.021835
0.000913,0.001093,0.001175,0.036724,0.036807
0.001211,0.001353,0.001426,0.026795,0.026874
0.001338,0.001477,0.001545,0.037252,0.037333
0.001111,0.001240,0.001307,0.028803,0.028875
0.000996,0.001148,0.001207,0.026850,0.026913
0.000979,0.001087,0.001145,0.023803,0.023867
0.002460,0.002572,0.002630,0.024702,0.024767
0.000919,0.001035,0.001092,0.024921,0.024988
0.000861,0.000973,0.001031,0.026500,0.026570
0.001373,0.001490,0.001546,0.023866,0.023939
0.001727,0.001851,0.001914,0.027517,0.027590
0.001134,0.001253,0.001310,0.029446,0.029516
0.006258,0.006379,0.006439,0.032091,0.032160
0.000904,0.001010,0.001068,0.024485,0.024551
0.001032,0.001236,0.001299,0.020936,0.020994
0.001553,0.001676,0.001736,0.028696,0.028775
0.001232,0.001384,0.001455,0.035931,0.036011
0.001679,0.001785,0.001836,0.029758,0.029817
0.000872,0.000999,0.001062,0.028864,0.028933
0.000954,0.001062,0.001118,0.026682,0.026745
0.001390,0.001507,0.001564,0.022955,0.023020
0.001084,0.001201,0.001258,0.035275,0.035350
0.001010,0.001146,0.001218,0.023917,0.023976
0.001005,0.001106,0.001161,0.026632,0.026703
0.000980,0.001085,0.001139,0.019592,0.019654
0.001044,0.001156,0.001216,0.033636,0.033701
0.002258,0.002386,0.002441,0.022370,0.022431
0.000978,0.001094,0.001156,0.025407,0.025477
0.000933,0.001040,0.001098,0.021400,0.021459
0.001394,0.001501,0.001556,0.026366,0.026440
0.001113,0.001250,0.001323,0.025853,0.025930
0.001029,0.001150,0.001214,0.035669,0.035744
0.001036,0.001163,0.001220,0.024432,0.024503
0.000898,0.001015,0.001115,0.037293,0.037420
0.000830,0.000939,0.000993,0.035748,0.035816
0.001104,0.001220,0.001279,0.026632,0.026691
0.001184,0.001291,0.001353,0.036640,0.036706
0.000923,0.001036,0.001091,0.030742,0.030812
0.000900,0.001006,0.001061,0.040571,0.040665
0.001010,0.001124,0.001179,0.026994,0.027053
0.000969,0.001076,0.001139,0.027241,0.027300
0.002588,0.002704,0.002764,0.027131,0.027432
0.000943,0.001043,0.001125,0.027428,0.027494
0.002106,0.002234,0.002299,0.034777,0.034853
0.001317,0.001459,0.001526,0.020245,0.020311
0.001107,0.001290,0.001351,0.038854,0.038923
0.001085,0.001209,0.001272,0.025689,0.025744
0.001393,0.001521,0.001582,0.038433,0.038503
0.001061,0.001176,0.001239,0.027929,0.027989
0.001794,0.001919,0.001977,0.021857,0.021925
0.000976,0.001087,0.001145,0.026275,0.026337
0.000913,0.001832,0.001896,0.021868,0.021925
0.000947,0.001059,0.001114,0.026390,0.026451
0.001005,0.001115,0.001221,0.021173,0.021242
0.002288,0.002401,0.002461,0.020691,0.020755
0.000857,0.000964,0.001023,0.028653,0.028720
0.001598,0.001696,0.001755,0.026845,0.026905
0.000967,0.001080,0.001138,0.028584,0.028651
0.005721,0.005851,0.005907,0.043929,0.043986
0.001466,0.001619,0.001693,0.028631,0.028711
0.000808,0.000900,0.000953,0.025569,0.025630
0.001388,0.001512,0.001561,0.033565,0.033628
0.000976,0.001110,0.001174,0.029823,0.029885
0.001285,0.001400,0.001466,0.024762,0.024825
0.001068,0.001174,0.001230,0.019815,0.019879
0.001256,0.001364,0.001446,0.028452,0.028520
0.003772,0.003895,0.003959,0.031913,0.031980
0.001021,0.001129,0.001182,0.032271,0.032338
0.001223,0.001347,0.001410,0.035545,0.035617
0.001598,0.001725,0.001791,0.054057,0.054120
0.000927,0.001048,0.001116,0.030850,0.030911
0.003181,0.003313,0.003372,0.032736,0.032846
0.001775,0.001897,0.001957,0.035999,0.036076
0.001017,0.001137,0.001203,0.029071,0.029148
0.001124,0.001233,0.001289,0.031006,0.031069
0.000982,0.001105,0.001165,0.026108,0.026170
0.001134,0.001247,0.001314,0.027895,0.027963
0.001583,0.001712,0.001774,0.022038,0.022100
0.002706,0.002840,0.002927,0.032898,0.032971
0.001178,0.001294,0.001349,0.020918,0.020986
0.001052,0.001183,0.001249,0.018742,0.018803
0.000865,0.000989,0.001048,0.027452,0.027511
0.001038,0.001133,0.001185,0.021485,0.021556
0.001039,0.001148,0.001219,0.033354,0.033431
0.001121,0.001246,0.001304,0.041177,0.041240
0.000972,0.001089,0.001148,0.028707,0.028783
0.007922,0.008042,0.008105,0.038429,0.038514
0.000901,0.001020,0.001082,0.027714,0.027794
0.000987,0.001119,0.001189,0.028679,0.028746
0.001296,0.001426,0.001482,0.024308,0.024371
0.000988,0.001122,0.001187,0.025499,0.025567
0.001097,0.001222,0.001289,0.027168,0.027239
0.001267,0.001383,0.001441,0.020569,0.020652
0.001007,0.001116,0.001175,0.027218,0.027293
0.001027,0.001143,0.001206,0.031782,0.031857
0.003545,0.003656,0.003710,0.029956,0.030021
0.000991,0.001131,0.001202,0.030556,0.030633
0.001051,0.001147,0.001203,0.029830,0.029895
0.000921,0.001045,0.001105,0.023952,0.024033
0.001128,0.001495,0.001568,0.031664,0.031744
0.001271,0.001408,0.001482,0.031101,0.031188
0.000917,0.001039,0.001107,0.028401,0.028485
0.001353,0.001539,0.001600,0.029152,0.029228
0.000865,0.000981,0.001035,0.018731,0.018792
0.001505,0.001624,0.001680,0.026902,0.026970
0.001800,0.001906,0.001965,0.030786,0.030859
0.001092,0.001208,0.001276,0.026621,0.026692
0.001067,0.001182,0.001277,0.026453,0.026515
0.001220,0.001348,0.001403,0.028781,0.028844
0.002051,0.002182,0.002241,0.020270,0.020328
0.003005,0.003109,0.003163,0.029037,0.029103
0.001008,0.001114,0.001174,0.019502,0.019572
0.000894,0.000986,0.001040,0.023474,0.023542
0.000811,0.000921,0.000979,0.025039,0.025110
0.002323,0.002438,0.002499,0.036468,0.036545
0.001157,0.001273,0.001342,0.048161,0.048238
0.000939,0.001052,0.001112,0.029674,0.029747
0.000907,0.001012,0.001077,0.023973,0.024041
0.000813,0.000916,0.000976,0.044331,0.044398
0.001020,0.001124,0.001189,0.018576,0.018643
0.000995,0.001113,0.001170,0.027224,0.027282
0.000979,0.001089,0.001151,0.024871,0.024932
0.001046,0.001168,0.001229,0.025679,0.025744
0.004325,0.004443,0.004503,0.028610,0.028674
0.001751,0.001880,0.001962,0.029364,0.029421
0.000916,0.001012,0.001116,0.023736,0.023804
0.001017,0.001134,0.001192,0.031723,0.031789
0.001379,0.001505,0.001573,0.027150,0.027231
0.000981,0.001089,0.001143,0.028452,0.028520
0.001191,0.001315,0.001380,0.020863,0.020929
0.001043,0.001152,0.001210,0.028824,0.028887
0.000940,0.001052,0.001113,0.028664,0.028733
0.001013,0.001119,0.001176,0.028801,0.028861
0.000888,0.001004,0.001063,0.021078,0.021141
0.000887,0.000989,0.001051,0.032161,0.032228
0.000831,0.000948,0.001007,0.041059,0.041127
0.001092,0.001215,0.001269,0.025808,0.025874
0.001106,0.001229,0.001295,0.029075,0.029146
0.001815,0.001914,0.001971,0.043782,0.043856
0.000974,0.001095,0.001156,0.018641,0.018702
0.001140,0.001240,0.001296,0.030185,0.030257
0.001075,0.001189,0.001245,0.022850,0.022916
0.001207,0.001321,0.001380,0.032418,0.032475
0.001045,0.001371,0.001631,0.030514,0.030593
0.001000,0.001129,0.001192,0.021391,0.021461
0.001287,0.001387,0.001444,0.035478,0.035552
0.000970,0.001072,0.001131,0.025885,0.026858
0.001049,0.001185,0.001248,0.022471,0.022563
0.002284,0.002389,0.002447,0.027375,0.027439
0.001022,0.001134,0.001188,0.025323,0.025385
0.000895,0.001009,0.001066,0.023115,0.023181
0.000911,0.001058,0.001128,0.024049,0.024109
0.001048,0.001165,0.001224,0.022741,0.022805
0.001028,0.001141,0.001195,0.022959,0.023035
0.000904,0.001018,0.001071,0.031015,0.031082
0.000943,0.001052,0.001113,0.019200,0.019261
0.000891,0.001003,0.001058,0.029185,0.029246
0.001207,0.001329,0.001382,0.032114,0.032172
0.001102,0.001223,0.001280,0.024784,0.024867
0.004304,0.004434,0.004494,0.036958,0.037492
0.000813,0.000918,0.000972,0.025271,0.025335
0.001280,0.001390,0.001447,0.028295,0.028355
0.000884,0.001028,0.001095,0.018860,0.019770
0.001008,0.001127,0.001199,0.026245,0.026309
0.000930,0.001051,0.001114,0.023302,0.023371
0.000920,0.001023,0.001080,0.024975,0.025040
0.000885,0.000994,0.001046,0.024791,0.024853
0.001084,0.001212,0.001273,0.024292,0.024352
0.000994,0.001108,0.001162,0.025132,0.025202
0.001076,0.001184,0.001240,0.025533,0.025592
0.000970,0.001072,0.001126,0.028005,0.028092
0.000871,0.000981,0.001037,0.026585,0.026647
0.002033,0.002182,0.002268,0.023912,0.023994
0.000916,0.001035,0.001098,0.029269,0.029331
0.000964,0.001083,0.001182,0.041853,0.041930
0.001009,0.001129,0.001196,0.056415,0.056492
0.001042,0.001165,0.001228,0.043285,0.043343
0.000980,0.001106,0.001163,0.019081,0.019138
0.001123,0.001240,0.001303,0.027830,0.027898
0.001959,0.002086,0.002150,0.021769,0.021834
0.001315,0.001434,0.001491,0.024960,0.025032
0.000975,0.001093,0.001155,0.025706,0.025783
0.000884,0.001006,0.001068,0.020551,0.020620
0.000929,0.001031,0.001090,0.028283,0.028341
0.001333,0.001438,0.001495,0.029641,0.029716
0.001009,0.001128,0.001195,0.036270,0.036349
0.001056,0.001173,0.001236,0.039117,0.039189
0.001110,0.001238,0.001306,0.022647,0.022718
0.000906,0.001043,0.001110,0.024766,0.024842
0.001380,0.001494,0.001559,0.041117,0.041194
0.001116,0.001279,0.001351,0.025845,0.025928
0.000995,0.001121,0.001181,0.036916,0.036982
0.000915,0.001051,0.001107,0.031266,0.031338
0.000968,0.001083,0.001140,0.030040,0.030110
0.001327,0.001464,0.001533,0.031867,0.031956
0.000911,0.001017,0.001076,0.020369,0.020428
0.001102,0.001222,0.001281,0.033586,0.033645
0.001228,0.001357,0.001416,0.032600,0.032663
0.001082,0.001200,0.001264,0.039526,0.039602
0.000900,0.001004,0.001053,0.029560,0.029634
0.001071,0.001196,0.001253,0.022656,0.022731
0.000838,0.000981,0.001055,0.018286,0.018357
0.001130,0.001258,0.001326,0.025586,0.025659
0.000869,0.000974,0.001028,0.029080,0.029147
0.002648,0.002798,0.002859,0.029778,0.029843
0.000971,0.001099,0.001161,0.030743,0.030807
0.000933,0.001053,0.001112,0.029580,0.029636
0.000998,0.001128,0.001191,0.026467,0.026526
0.000970,0.001079,0.001134,0.038653,0.038724
0.001132,0.001253,0.001320,0.026010,0.026077
0.001034,0.001138,0.001195,0.029762,0.029840
0.001545,0.001652,0.001962,0.057733,0.057804
0.000955,0.001064,0.001125,0.021363,0.021438
0.001209,0.001333,0.001408,0.031168,0.031246
0.001078,0.001185,0.001235,0.033392,0.033465
0.001156,0.001301,0.001362,0.020380,0.020434
0.000983,0.001117,0.001184,0.022643,0.022710
0.001021,0.001144,0.001210,0.028577,0.028648
0.001117,0.001239,0.001299,0.023342,0.023402
0.001248,0.001368,0.001436,0.025940,0.025994
0.001161,0.001267,0.001323,0.026071,0.026140
0.001186,0.001293,0.001350,0.027427,0.027502
0.003098,0.003361,0.003440,0.025882,0.026006
0.000899,0.001006,0.001060,0.019695,0.019763
0.000959,0.001063,0.001127,0.036067,0.036141
0.000982,0.001085,0.001146,0.036380,0.036490
0.003454,0.003561,0.003617,0.035266,0.035360
0.000891,0.001008,0.001109,0.023488,0.023557
0.001021,0.001128,0.001189,0.032285,0.032363
0.001150,0.001267,0.001336,0.026100,0.026180
0.000868,0.000968,0.001024,0.022512,0.022568
0.001030,0.001157,0.001225,0.034242,0.034313
0.001007,0.001128,0.001186,0.021361,0.021427
0.001411,0.001524,0.001583,0.027690,0.027759
0.001095,0.001210,0.001270,0.051168,0.051241
0.001395,0.001558,0.001624,0.025751,0.025809
0.001053,0.001181,0.001246,0.028598,0.028671
0.002869,0.002989,0.003046,0.041692,0.041754
0.001215,0.001365,0.001432,0.025839,0.025894
0.001143,0.001252,0.001312,0.028370,0.028431
0.001228,0.001347,0.001410,0.031166,0.031221
0.001085,0.001212,0.001271,0.036609,0.036683
0.001057,0.001178,0.001235,0.021561,0.021617
0.001083,0.001214,0.001277,0.029064,0.029135
0.001033,0.001184,0.001244,0.026076,0.026135
0.000858,0.000992,0.001055,0.021175,0.021230
0.001157,0.001292,0.001364,0.021908,0.021970
0.001307,0.001417,0.001473,0.021159,0.021213
0.000882,0.000995,0.001050,0.018883,0.018944
0.004829,0.004937,0.004993,0.024286,0.024348
0.001691,0.001819,0.001889,0.021364,0.021417
0.001032,0.001147,0.001207,0.020326,0.020392
0.000970,0.001088,0.001147,0.028267,0.028335
0.001098,0.001233,0.001294,0.024492,0.024564
0.001013,0.001113,0.001170,0.022596,0.022655
0.000874,0.000996,0.001055,0.026242,0.026306
0.001160,0.001286,0.001343,0.030141,0.030204
0.001168,0.001283,0.001339,0.019725,0.019784
0.001352,0.001475,0.001542,0.034869,0.034950
0.001082,0.001204,0.001273,0.029911,0.029985
0.000914,0.001037,0.001099,0.031015,0.031084
0.001158,0.001295,0.001366,0.028498,0.028568
0.001580,0.001690,0.001746,0.028371,0.028436
0.001010,0.001126,0.001191,0.027797,0.027864
0.000827,0.000938,0.000994,0.026400,0.026468
0.001099,0.001219,0.001281,0.025724,0.025799
0.000960,0.001065,0.001124,0.021673,0.021739
0.000979,0.001069,0.001123,0.023481,0.023552
0.000882,0.000996,0.001060,0.028664,0.028735
0.000982,0.001079,0.001131,0.036943,0.037005
0.000987,0.001094,0.001148,0.032469,0.032542
0.003523,0.003653,0.003717,0.035233,0.035315
0.001112,0.001229,0.001288,0.022438,0.022497
0.001139,0.001253,0.001314,0.033933,0.034151
0.001074,0.001191,0.001247,0.022151,0.022215
0.001572,0.001710,0.001784,0.022179,0.022242
0.000971,0.001074,0.001131,0.033629,0.033696
0.000980,0.001086,0.001142,0.031478,0.031542
0.001298,0.001407,0.001461,0.024528,0.024591
0.001130,0.001246,0.001304,0.021513,0.021576
0.001131,0.001258,0.001322,0.031971,0.032039
0.000988,0.001114,0.001171,0.021162,0.021231
0.002992,0.003093,0.003151,0.032586,0.032644
0.001205,0.001310,0.001365,0.028983,0.029060
0.000984,0.001267,0.001335,0.025736,0.025876
0.001124,0.001240,0.001295,0.039364,0.039431
0.000999,0.001111,0.001171,0.030520,0.030594
0.000919,0.001048,0.001115,0.029774,0.029852
0.001291,0.001411,0.001477,0.031565,0.031638
0.001239,0.001365,0.001432,0.024896,0.024967
0.001030,0.001148,0.001200,0.027797,0.027864
0.001032,0.001154,0.001213,0.032197,0.033236
0.000983,0.001093,0.001150,0.024308,0.024373
0.001281,0.001392,0.001449,0.019925,0.019986
0.005270,0.005394,0.005459,0.028854,0.028926
0.001047,0.001145,0.001197,0.018072,0.018136
0.000927,0.001036,0.001090,0.023826,0.023894
0.001101,0.001212,0.001267,0.018933,0.018988
0.001011,0.001123,0.001178,0.020774,0.020830
0.001104,0.001220,0.001280,0.040394,0.040459
0.002519,0.002634,0.002693,0.031086,0.031167
0.001464,0.001576,0.001632,0.028536,0.028604
0.001513,0.001636,0.001698,0.028993,0.029049
0.001442,0.001569,0.001639,0.025794,0.025875
0.001157,0.001270,0.001335,0.023912,0.024008
0.001121,0.001253,0.001315,0.030340,0.030402
0.001146,0.001257,0.001314,0.025044,0.025099
0.001035,0.001150,0.001213,0.029219,0.029299
0.002660,0.002800,0.002867,0.025763,0.025830
0.001179,0.001293,0.001345,0.027855,0.028290
0.000966,0.002543,0.002635,0.031969,0.032023
0.001023,0.001131,0.001192,0.019640,0.020566
0.001041,0.001144,0.001200,0.024099,0.024160
0.002285,0.002392,0.002461,0.024020,0.024092
0.001114,0.001235,0.001299,0.019734,0.019794
0.001171,0.001287,0.001349,0.031907,0.031981
0.001543,0.001660,0.001722,0.028193,0.028260
0.001020,0.001133,0.001195,0.042367,0.042468
0.000836,0.000957,0.001017,0.023890,0.023947
0.001269,0.001425,0.001493,0.026016,0.026084
0.001531,0.001641,0.001742,0.033184,0.033240
0.001028,0.001185,0.001253,0.033465,0.033536
0.000848,0.000951,0.001008,0.023739,0.023802
0.001060,0.001188,0.001243,0.030239,0.030301
0.000827,0.000931,0.000985,0.026363,0.026427
0.000994,0.001103,0.001165,0.021282,0.021339
0.000860,0.000972,0.001039,0.017026,0.017082
0.001119,0.001231,0.001283,0.020354,0.020419
0.001095,0.001205,0.001263,0.028623,0.028688
0.001120,0.001252,0.001313,0.034221,0.034301
0.001257,0.001392,0.001457,0.038237,0.038317
0.001144,0.001514,0.001605,0.023843,0.023916
0.000997,0.001148,0.001227,0.029708,0.029791
0.001752,0.001860,0.001916,0.023799,0.023857
0.001086,0.001213,0.001279,0.028770,0.028847
0.000891,0.001012,0.001074,0.017897,0.017955
0.001091,0.001222,0.001280,0.032766,0.032825
0.000749,0.000851,0.000909,0.017570,0.017637
0.001131,0.001262,0.001332,0.032082,0.032152
0.000940,0.001055,0.001113,0.024690,0.024755
0.001427,0.001531,0.001593,0.022918,0.022993
0.000853,0.000965,0.001021,0.025240,0.025304
0.001278,0.001393,0.001450,0.024640,0.024720
0.001407,0.001513,0.001572,0.024915,0.024978
0.001194,0.001322,0.001387,0.040464,0.040542
0.002016,0.002127,0.002192,0.028190,0.028248
0.000972,0.001085,0.001145,0.019297,0.019360
0.000971,0.001094,0.001157,0.022841,0.022914
0.000951,0.001060,0.001116,0.021092,0.021156
0.001151,0.001294,0.001380,0.026714,0.026788
0.001102,0.001209,0.001263,0.033590,0.033655
0.001049,0.001171,0.001242,0.025290,0.025356
0.000974,0.001091,0.001150,0.030109,0.030164
0.001032,0.001149,0.001214,0.037723,0.037810
0.000868,0.000993,0.001061,0.033369,0.033440
0.000844,0.000951,0.001007,0.023014,0.023078
0.000868,0.000972,0.001028,0.027167,0.027233
0.003503,0.003628,0.003683,0.032040,0.032107
0.001249,0.001368,0.001424,0.020186,0.020251
0.001193,0.001309,0.001360,0.025237,0.025304
0.001308,0.001428,0.001492,0.023225,0.023294
0.000923,0.001030,0.001087,0.021237,0.021295
0.001078,0.001206,0.001279,0.036199,0.036277
0.000857,0.000979,0.001043,0.026363,0.026420
0.001757,0.001882,0.001955,0.040205,0.040316
0.000912,0.001024,0.001082,0.023011,0.023067
0.000963,0.001084,0.001145,0.041314,0.041404
0.000823,0.000952,0.001015,0.019585,0.019650
0.001038,0.001168,0.001239,0.029903,0.029977
0.000951,0.001077,0.001134,0.030061,0.030124
0.001593,0.001698,0.001759,0.036375,0.036430
0.003560,0.003675,0.003731,0.023501,0.023559
0.002608,0.002726,0.002782,0.033297,0.033362
0.002798,0.002909,0.002967,0.022689,0.022763
0.000903,0.001007,0.001064,0.035060,0.035132
0.001018,0.001131,0.001182,0.022223,0.022282
0.000939,0.001051,0.001115,0.030135,0.030200
0.001034,0.001155,0.001215,0.026093,0.026149
0.001053,0.001177,0.001235,0.027749,0.027811
0.001061,0.001208,0.001276,0.019749,0.019813
0.000894,0.001007,0.001064,0.020976,0.021041
0.000953,0.001163,0.001225,0.023206,0.023320
0.000989,0.001110,0.001165,0.027370,0.027437
0.000923,0.001048,0.001107,0.024703,0.024762
0.000873,0.000998,0.001056,0.026150,0.026207
0.000921,0.001035,0.001087,0.022048,0.022141
0.000872,0.000985,0.001043,0.022798,0.022855
0.001161,0.001275,0.001334,0.026979,0.027041
0.000977,0.001095,0.001157,0.027228,0.027291
0.001036,0.001131,0.001184,0.024767,0.024827
0.001179,0.001312,0.001372,0.029089,0.029145
0.000875,0.000990,0.001047,0.025894,0.025953
0.001239,0.001366,0.001425,0.027196,0.027259
0.000979,0.001110,0.001169,0.023636,0.023698
0.001154,0.001283,0.001342,0.023676,0.023734
0.001217,0.001347,0.001403,0.021441,0.021497
0.004349,0.004469,0.004531,0.023819,0.023897
0.000838,0.000938,0.000993,0.029691,0.029755
0.003583,0.003742,0.003819,0.026018,0.026093
0.000844,0.000969,0.001029,0.037026,0.037092
0.001393,0.001511,0.001577,0.035726,0.035802
0.000926,0.001039,0.001098,0.020027,0.020088
0.001053,0.001178,0.001238,0.035166,0.035242
0.001061,0.001225,0.001291,0.028793,0.028856
0.001071,0.001197,0.001267,0.030837,0.030910
0.000967,0.001079,0.001138,0.036198,0.036256
0.001173,0.001307,0.001380,0.030738,0.030816
0.001083,0.001197,0.001256,0.030319,0.030402
0.002201,0.002317,0.002371,0.022294,0.022352
0.001544,0.001670,0.001738,0.020784,0.020849
0.001241,0.001363,0.001426,0.034374,0.034449
0.000808,0.000926,0.000986,0.029011,0.029070
0.001206,0.001312,0.001399,0.034266,0.034332
0.000870,0.000979,0.001040,0.027132,0.027193
0.000979,0.001094,0.001152,0.025370,0.025424
0.001722,0.001849,0.001913,0.021525,0.021590
0.001063,0.001191,0.001255,0.030741,0.030817
0.001754,0.001891,0.001958,0.028016,0.028088
0.000939,0.001041,0.001098,0.028367,0.028433
0.001046,0.001152,0.001207,0.026698,0.026769
0.000849,0.001006,0.001075,0.018226,0.018301
0.002119,0.002224,0.002280,0.021274,0.021345
0.002428,0.002551,0.002610,0.031120,0.031193
0.001755,0.001871,0.001930,0.029406,0.029466
0.001185,0.001326,0.001394,0.021065,0.021149
0.001000,0.001129,0.001189,0.025333,0.025390
0.001357,0.001474,0.001535,0.025097,0.025166
0.001025,0.001136,0.001190,0.025023,0.025098
0.001098,0.001217,0.001274,0.024419,0.024486
0.001144,0.001260,0.001317,0.023270,0.023330
0.000955,0.001056,0.001114,0.021522,0.021584
0.000914,0.001012,0.001066,0.030132,0.030199
0.000992,0.001127,0.001193,0.021384,0.021448
0.001009,0.001131,0.001188,0.034746,0.034806
0.001133,0.001249,0.001310,0.025513,0.025566
0.000903,0.001013,0.001072,0.024566,0.024620
0.001051,0.001192,0.001251,0.025625,0.025695
0.001130,0.001236,0.001307,0.026354,0.026412
0.000998,0.001100,0.001155,0.030640,0.030705
0.001357,0.001473,0.001533,0.024383,0.024442
0.001520,0.001663,0.001733,0.046123,0.046200
0.004844,0.004957,0.005024,0.025981,0.026064
0.001029,0.001144,0.001205,0.025887,0.025953
0.001063,0.001174,0.001233,0.024515,0.024573
0.001022,0.001133,0.001192,0.023535,0.023597
0.000911,0.001018,0.001075,0.023264,0.023321
0.000978,0.001096,0.001166,0.023766,0.023825
0.001016,0.001131,0.001194,0.029650,0.029709
0.001030,0.001160,0.001225,0.030239,0.030292
0.001641,0.001741,0.001871,0.027775,0.027841
0.000968,0.001092,0.001157,0.035001,0.035080
0.000847,0.000951,0.001008,0.026819,0.026882
0.001065,0.001194,0.001266,0.027935,0.028007
0.000913,0.001041,0.001101,0.020072,0.020129
0.001403,0.001524,0.001579,0.028144,0.029681
0.000884,0.001001,0.001069,0.019891,0.019951
0.001262,0.001408,0.001480,0.037400,0.037475
0.001260,0.001367,0.001429,0.029251,0.029318
0.001079,0.001197,0.001330,0.031359,0.031435
0.001172,0.001288,0.001357,0.029730,0.029796
0.000954,0.001061,0.001121,0.025449,0.025508
0.000888,0.000995,0.001053,0.024816,0.024888
0.001536,0.001643,0.001701,0.024161,0.024219
0.001373,0.001488,0.001547,0.038562,0.038637
0.001279,0.001387,0.001441,0.023984,0.024057
0.001269,0.001441,0.001509,0.029286,0.029364
0.000972,0.001091,0.001148,0.024643,0.024707
0.001073,0.001183,0.001248,0.025461,0.025528
0.000976,0.001091,0.001153,0.025777,0.025835
0.001114,0.001237,0.001301,0.021165,0.021261
0.002584,0.002693,0.002750,0.020312,0.020383
0.001408,0.001533,0.001603,0.023079,0.023147
0.000775,0.000875,0.000931,0.018881,0.018938
0.001104,0.001219,0.001276,0.028499,0.028574
0.000854,0.000967,0.001023,0.023424,0.023486
0.001001,0.001121,0.001186,0.021436,0.021512
0.002136,0.002248,0.002303,0.027916,0.027976
0.001016,0.001129,0.001184,0.028927,0.028987
0.001043,0.001156,0.001214,0.023759,0.023813
0.001129,0.001233,0.001288,0.027162,0.027223
0.001805,0.001920,0.001989,0.031709,0.031783
0.001034,0.001153,0.001210,0.029072,0.029203
0.001148,0.001483,0.001555,0.028013,0.028089
0.000993,0.001109,0.001164,0.024913,0.024971
0.001302,0.001502,0.001578,0.026791,0.026877
0.001160,0.001332,0.001398,0.023876,0.023941
0.001399,0.001590,0.001666,0.032668,0.032740
0.000858,0.001001,0.001063,0.024655,0.024719
0.001087,0.001221,0.001281,0.027674,0.027735
0.000961,0.001087,0.001145,0.023264,0.023323
0.000997,0.001128,0.001185,0.022826,0.022892
0.000993,0.001127,0.001182,0.024590,0.024644
0.001041,0.001179,0.001251,0.025126,0.025189
0.001073,0.001202,0.001266,0.033149,0.033223
0.001113,0.001240,0.001307,0.023309,0.023390
0.001097,0.001242,0.001314,0.028791,0.028868
0.000924,0.001042,0.001096,0.022580,0.022642
0.001134,0.001271,0.001344,0.033889,0.033965
0.000898,0.001049,0.001112,0.019466,0.020190
0.001234,0.001367,0.001435,0.029712,0.029785
0.001036,0.001182,0.001253,0.021655,0.021720
0.001626,0.001752,0.001823,0.033713,0.033792
0.000895,0.001067,0.001137,0.027037,0.027092
0.003254,0.003355,0.003410,0.029924,0.029986
0.000938,0.001065,0.001126,0.017784,0.017837
0.000935,0.001028,0.001083,0.031237,0.031307
0.001086,0.001198,0.001265,0.019608,0.019672
0.001231,0.001361,0.001422,0.031549,0.031616
0.001053,0.001164,0.001217,0.033501,0.033578
0.001149,0.001276,0.001335,0.031475,0.031545
0.002189,0.002312,0.002370,0.030202,0.030257
0.000944,0.001043,0.001103,0.021385,0.021443
0.001116,0.001259,0.001327,0.046066,0.046144
0.000936,0.001042,0.001100,0.025690,0.025769
0.001685,0.001803,0.001859,0.032362,0.032424
0.001145,0.001277,0.001333,0.026051,0.026123
0.000996,0.001127,0.001183,0.031979,0.032041
0.000976,0.001098,0.001157,0.026462,0.026516
0.001093,0.001212,0.001273,0.021579,0.021636
0.001169,0.001305,0.001363,0.023745,0.023801
0.001728,0.001857,0.001916,0.030438,0.030501
0.001135,0.001268,0.001373,0.030553,0.030626
0.001052,0.001163,0.001218,0.031355,0.031416
0.001450,0.001601,0.001667,0.024098,0.024179
0.001182,0.001294,0.001355,0.033157,0.033218
0.001296,0.001435,0.001503,0.020787,0.020856
0.001398,0.001522,0.001578,0.033074,0.033147
0.001275,0.001397,0.001453,0.024902,0.024963
0.001001,0.001149,0.001201,0.029217,0.029309
0.001247,0.001366,0.001434,0.023358,0.023422
0.001158,0.001299,0.001367,0.036536,0.036611
0.000998,0.001119,0.001173,0.026406,0.026475
0.001077,0.001223,0.001303,0.025697,0.025756
0.000973,0.001088,0.001150,0.023496,0.024241
0.001031,0.001151,0.001215,0.024753,0.024849
0.001016,0.001158,0.001214,0.029620,0.029696
0.000785,0.000907,0.000965,0.026249,0.026308
0.001054,0.001183,0.001242,0.026479,0.026535
0.000872,0.000998,0.001051,0.038862,0.038939
0.001525,0.001669,0.001738,0.028673,0.028734
0.002574,0.002697,0.002755,0.023409,0.023473
0.001424,0.001550,0.001607,0.029371,0.029449
0.000896,0.001010,0.001080,0.018430,0.018488
0.001028,0.001155,0.001229,0.031721,0.031800
0.000983,0.001098,0.001157,0.020566,0.020624
0.001034,0.001157,0.001228,0.021005,0.021085
0.000980,0.001116,0.001182,0.033091,0.033145
0.000839,0.000948,0.001001,0.028259,0.028327
0.000974,0.001088,0.001142,0.022558,0.022630
0.001168,0.001271,0.001320,0.018885,0.018948
0.000987,0.001092,0.001144,0.021421,0.021491
0.001124,0.001250,0.001305,0.028183,0.028252
0.001198,0.001353,0.001430,0.030739,0.030826
0.000820,0.000918,0.000974,0.029145,0.029207
0.001104,0.001259,0.001323,0.024916,0.024991
0.001158,0.001283,0.001344,0.026735,0.026789
0.002087,0.002200,0.002283,0.031369,0.031443
0.001082,0.001184,0.001240,0.019906,0.019969
0.003709,0.003825,0.003891,0.027441,0.027522
0.001018,0.001128,0.001185,0.042166,0.042235
0.000961,0.001076,0.001131,0.025051,0.025128
0.001074,0.001194,0.001252,0.021881,0.021941
0.000792,0.000893,0.000941,0.018660,0.018719
0.001985,0.002113,0.002187,0.021462,0.021541
0.000979,0.001110,0.001172,0.021925,0.021982
0.000919,0.001027,0.001086,0.023183,0.023236
0.001014,0.001120,0.001174,0.043138,0.043211
0.001969,0.002108,0.002175,0.024665,0.024722
0.001169,0.001291,0.001345,0.020683,0.020748
0.001095,0.001219,0.001278,0.027152,0.027216
0.001059,0.001172,0.001229,0.031548,0.031625
0.001222,0.001331,0.001385,0.022836,0.022905
0.001721,0.001880,0.001957,0.030112,0.030173
0.001058,0.001197,0.001261,0.028232,0.028286
0.001058,0.001193,0.001268,0.023465,0.023524
0.001091,0.001199,0.001254,0.029312,0.029389
0.001078,0.001224,0.001287,0.024152,0.024215
0.000871,0.000975,0.001029,0.025056,0.025124
0.000991,0.001101,0.001157,0.020150,0.020209
0.001073,0.001204,0.001264,0.023333,0.023389
0.001145,0.001265,0.001334,0.027533,0.027602
0.000953,0.001065,0.001118,0.028231,0.028305
0.001194,0.001296,0.001352,0.033820,0.033893
0.001260,0.001384,0.001446,0.020227,0.020286
0.001052,0.001170,0.001234,0.023320,0.023389
0.001129,0.001246,0.001308,0.036367,0.036443
0.002198,0.002335,0.002400,0.034157,0.034213
0.001106,0.001255,0.001326,0.023652,0.024183
0.001067,0.001192,0.001250,0.025317,0.025395
0.001236,0.001358,0.001419,0.035272,0.035340
0.001010,0.001122,0.001186,0.024216,0.024272
0.001163,0.001281,0.001337,0.026417,0.026494
0.002753,0.002878,0.002942,0.024248,0.024305
0.000910,0.001021,0.001083,0.019584,0.019649
0.000745,0.000852,0.000905,0.020199,0.020253
0.001301,0.001419,0.001472,0.042354,0.042427
0.000869,0.000974,0.001033,0.029637,0.029697
0.001103,0.001219,0.001277,0.047930,0.048022
0.000915,0.001023,0.001079,0.036150,0.036212
0.001007,0.001115,0.001177,0.024693,0.024784
0.001256,0.001376,0.001436,0.033424,0.033488
0.001149,0.001250,0.001305,0.023413,0.023474
0.002438,0.002565,0.002626,0.026016,0.026072
0.000984,0.001118,0.001184,0.044816,0.044880
0.001017,0.001165,0.001243,0.029902,0.029986
0.000999,0.001139,0.001214,0.032111,0.032179
0.000915,0.001015,0.001075,0.032284,0.032344
0.000943,0.001049,0.001110,0.023196,0.023250
0.001089,0.001212,0.001267,0.026520,0.026580
0.001187,0.001293,0.001348,0.026011,0.026077
0.001080,0.001180,0.001237,0.020764,0.020824
0.001063,0.001172,0.001231,0.031086,0.031149
0.000952,0.001053,0.001110,0.020349,0.020411
0.001900,0.002047,0.002107,0.033179,0.033257
0.000960,0.001076,0.001131,0.024219,0.024306
0.001774,0.001896,0.001959,0.025092,0.025165
0.000946,0.001055,0.001107,0.025754,0.025821
0.002243,0.002366,0.002421,0.030751,0.030820
0.001126,0.001269,0.001339,0.019495,0.019555
0.001607,0.001733,0.001796,0.027580,0.027657
0.001509,0.001612,0.001668,0.023626,0.023683
0.000943,0.001048,0.001106,0.019183,0.019236
0.001377,0.001516,0.001582,0.025945,0.026009
0.004416,0.004528,0.004589,0.024788,0.024853
0.000934,0.001058,0.001132,0.019799,0.019858
0.001042,0.001154,0.001215,0.021745,0.021815
0.001142,0.001274,0.001330,0.020752,0.020818
0.001673,0.001778,0.001836,0.030454,0.030526
0.000977,0.001109,0.001171,0.021186,0.021247
0.001943,0.002069,0.002125,0.028502,0.028576
0.002290,0.002410,0.002476,0.028930,0.028998
0.001099,0.001223,0.001293,0.028096,0.028169
0.000986,0.001105,0.001171,0.023966,0.024045
0.001554,0.001726,0.001817,0.027377,0.027436
0.000903,0.001016,0.001074,0.021548,0.021614
0.001995,0.002102,0.002166,0.033120,0.033187
0.000842,0.000945,0.001001,0.023992,0.024062
0.001053,0.001174,0.001267,0.027149,0.027207
0.000957,0.001071,0.001126,0.026105,0.026174
0.000937,0.001054,0.001111,0.024136,0.024201
0.001084,0.001239,0.001303,0.022034,0.022092
0.000966,0.001067,0.001126,0.023234,0.023295
0.001028,0.001146,0.001207,0.024260,0.024332
0.001157,0.001267,0.001326,0.023048,0.023122
0.001017,0.001134,0.001199,0.025507,0.025583
0.001635,0.001777,0.001858,0.025261,0.026706
0.001121,0.001226,0.001289,0.021438,0.021503
0.001007,0.001124,0.001186,0.020727,0.020790
0.000688,0.000788,0.000850,0.023415,0.023480
0.001054,0.001179,0.001240,0.019175,0.019237
0.001162,0.001294,0.001356,0.019638,0.019703
0.001396,0.001512,0.001569,0.032670,0.032769
0.000930,0.001090,0.001151,0.026453,0.026521
0.002043,0.002157,0.002215,0.025029,0.025093
0.000976,0.001105,0.001161,0.023746,0.023813
0.001245,0.001378,0.001439,0.021300,0.021358
0.001079,0.001197,0.001257,0.025513,0.025574
0.001019,0.001132,0.001192,0.025141,0.025200
0.000965,0.001074,0.001128,0.025971,0.026037
0.001109,0.001236,0.001294,0.027928,0.028002
0.000903,0.001026,0.001100,0.030655,0.030713
0.001564,0.001686,0.001745,0.030251,0.030314
0.001896,0.002038,0.002101,0.025051,0.025116
0.001125,0.001244,0.001304,0.027682,0.027739
0.001694,0.001839,0.001911,0.031874,0.031949
0.001225,0.001349,0.001414,0.025518,0.025590
0.000879,0.000990,0.001047,0.027174,0.027247
0.000909,0.001056,0.001131,0.025782,0.025848
0.003333,0.003448,0.003512,0.048541,0.048623
0.001130,0.001264,0.001327,0.019102,0.019159
0.001179,0.001308,0.001371,0.027416,0.027506
0.001268,0.001376,0.001430,0.029802,0.029870
0.001321,0.001433,0.001495,0.021049,0.021101
0.000943,0.001058,0.001118,0.019408,0.019466
0.000878,0.000991,0.001052,0.024578,0.024636
0.001144,0.001267,0.001329,0.020337,0.020391
0.000954,0.001061,0.001123,0.030753,0.030838
0.000960,0.001081,0.001142,0.016927,0.016985
0.001561,0.001710,0.001770,0.029576,0.029642
0.001241,0.001352,0.001410,0.018626,0.018689
0.001156,0.001322,0.001399,0.034256,0.034328
0.000952,0.001085,0.001151,0.045806,0.045877
0.001026,0.001164,0.001227,0.019067,0.019130
0.000906,0.001037,0.001099,0.026494,0.026553
0.000963,0.001086,0.001152,0.026202,0.026277
0.001060,0.001166,0.001225,0.029340,0.029403
0.001114,0.001229,0.001288,0.020193,0.020264
0.001712,0.001824,0.001879,0.027339,0.027395
0.001026,0.001135,0.001197,0.028721,0.028795
0.001124,0.001247,0.001309,0.028026,0.028090
0.001061,0.001221,0.001298,0.020006,0.020075
0.001025,0.001243,0.001309,0.024183,0.024253
0.001048,0.001202,0.001267,0.032197,0.032251
0.000992,0.001105,0.001162,0.028870,0.028924
0.000983,0.001098,0.001155,0.028306,0.028396
0.001075,0.001212,0.001281,0.028220,0.028286
0.000981,0.001106,0.001167,0.024633,0.024690
0.001990,0.002105,0.002164,0.027506,0.027568
0.000816,0.000943,0.001010,0.028636,0.028715
0.000956,0.001076,0.001139,0.023446,0.023505
0.000891,0.001001,0.001054,0.027250,0.027317
0.000849,0.000945,0.001000,0.024388,0.024449
0.001111,0.001241,0.001306,0.027782,0.027865
0.000970,0.001072,0.001135,0.030210,0.030292
0.000951,0.001052,0.001111,0.023806,0.023866
0.000977,0.001090,0.001148,0.020161,0.020215
0.001040,0.001178,0.001243,0.022254,0.022311
0.001239,0.001367,0.001443,0.022792,0.022869
0.001166,0.001273,0.001333,0.027501,0.027562
0.001092,0.001277,0.001373,0.024621,0.024679
0.000987,0.001097,0.001153,0.019647,0.019710
0.000949,0.001054,0.001113,0.023652,0.023715
0.002313,0.002447,0.002518,0.030664,0.030741
0.000832,0.000930,0.000986,0.024662,0.024727
0.000795,0.000908,0.000968,0.024116,0.024180
0.001044,0.001166,0.001225,0.020292,0.020359
0.001075,0.001184,0.001242,0.025832,0.025901
0.001342,0.001449,0.001504,0.024627,0.024695
0.001135,0.001255,0.001311,0.025347,0.025424
0.001210,0.001334,0.001401,0.029456,0.029517
0.001216,0.001336,0.001400,0.027001,0.027076
0.001448,0.001582,0.001645,0.030155,0.030222
0.001017,0.001134,0.001184,0.019044,0.019111
0.000993,0.001106,0.001169,0.040818,0.040897
0.001077,0.001204,0.001264,0.024057,0.024116
0.001071,0.001196,0.001255,0.020706,0.020763
0.001125,0.001244,0.001301,0.022556,0.022613
0.001482,0.001629,0.001699,0.025117,0.025186
0.000871,0.000984,0.001041,0.032228,0.032293
0.001265,0.001427,0.001499,0.036195,0.036252
0.001025,0.001166,0.001224,0.023534,0.023588
0.001130,0.001273,0.001339,0.026560,0.026618
0.001183,0.001305,0.001364,0.037940,0.037995
0.001724,0.001845,0.001903,0.026481,0.026543
0.000912,0.001031,0.001097,0.032982,0.033064
0.001049,0.001166,0.001222,0.039172,0.039243
0.001172,0.001291,0.001357,0.025846,0.025912
0.000927,0.001042,0.001100,0.047396,0.047464
0.000983,0.001131,0.001204,0.028364,0.028428
0.001212,0.001350,0.001408,0.038378,0.038441
0.000927,0.001081,0.001158,0.023355,0.023422
0.000977,0.001089,0.001152,0.024366,0.024423
0.001004,0.001110,0.001170,0.021785,0.021878
0.000984,0.001095,0.001149,0.024122,0.024202
0.000916,0.001096,0.001166,0.025575,0.025643
0.000928,0.001028,0.001093,0.025133,0.025195
0.000860,0.000981,0.001042,0.025344,0.025404
0.001035,0.001152,0.001211,0.026784,0.026841
0.001557,0.001671,0.001727,0.019410,0.019470
0.001500,0.001602,0.001662,0.026795,0.026858
0.000989,0.001093,0.001150,0.021027,0.021090
0.001020,0.001148,0.001207,0.020448,0.020502
0.001001,0.001106,0.001162,0.021058,0.021121
0.000882,0.000993,0.001094,0.022137,0.022190
0.001120,0.001242,0.001307,0.038851,0.038925
0.001143,0.001275,0.001339,0.022992,0.023061
0.001122,0.001237,0.001302,0.021874,0.021956
0.000891,0.001001,0.001058,0.022920,0.022989
0.001019,0.001132,0.001195,0.027580,0.027652
0.004028,0.004142,0.004201,0.040537,0.040607
0.001838,0.001936,0.001993,0.027102,0.027170
0.000955,0.001062,0.001116,0.022134,0.022199
0.003161,0.003274,0.003334,0.028504,0.028578
0.001139,0.001250,0.001313,0.037872,0.037949
0.000940,0.001041,0.001106,0.035078,0.035147
0.002156,0.002270,0.002327,0.037224,0.037293
0.001771,0.001895,0.001956,0.027647,0.027700
0.001510,0.001642,0.001707,0.021150,0.021208
0.001242,0.001371,0.001438,0.026583,0.026661
0.001233,0.001380,0.001447,0.035565,0.035626
0.001035,0.001150,0.001204,0.033439,0.033525
0.001003,0.001103,0.001157,0.038239,0.038307
0.001349,0.001533,0.001603,0.038651,0.038730
0.001424,0.001558,0.001630,0.024730,0.024797
0.001274,0.001392,0.001444,0.032434,0.032524
0.001069,0.001201,0.001265,0.027800,0.027871
0.001038,0.001166,0.001229,0.030534,0.030591
0.000993,0.001101,0.001163,0.019546,0.019597
0.001694,0.001808,0.001869,0.025512,0.025569
0.002070,0.002180,0.002240,0.026610,0.026679
0.001144,0.001263,0.001323,0.021687,0.021740
0.001359,0.001505,0.001575,0.035270,0.035353
0.001289,0.001433,0.001499,0.019821,0.019880
0.001469,0.001608,0.001680,0.032964,0.033115
0.001143,0.001267,0.001327,0.043963,0.044023
0.001088,0.001200,0.001258,0.025769,0.025823
0.001083,0.001186,0.001239,0.026200,0.026257
0.001180,0.001333,0.001390,0.019907,0.019964
0.001034,0.001168,0.001237,0.024790,0.024863
0.001224,0.001333,0.001381,0.029128,0.029202
0.000979,0.001095,0.001157,0.024639,0.024694
0.001142,0.001260,0.001321,0.018219,0.018285
0.000932,0.001042,0.001106,0.026443,0.026502
0.001654,0.001792,0.001850,0.032350,0.032410
0.006259,0.006368,0.006423,0.038966,0.039024
0.000940,0.001087,0.001156,0.024245,0.024317
0.001200,0.001330,0.001391,0.024613,0.024673
0.001000,0.001156,0.001223,0.024875,0.024929
0.000825,0.000935,0.001131,0.020315,0.020377
0.002157,0.002275,0.002339,0.033394,0.033456
0.001017,0.001138,0.001214,0.027578,0.027636
0.003406,0.003542,0.003597,0.025953,0.026015
0.001111,0.001214,0.001271,0.024955,0.025022
0.000995,0.001104,0.001157,0.021869,0.021942
0.000819,0.000952,0.001016,0.025613,0.025671
0.001080,0.001208,0.001267,0.022904,0.022968
0.001024,0.001149,0.001212,0.020322,0.020377
0.001601,0.001725,0.001790,0.029720,0.029775
0.000983,0.001091,0.001151,0.029449,0.029510
0.001194,0.001322,0.001387,0.033558,0.033615
0.001070,0.001197,0.001257,0.025713,0.025775
0.001142,0.001280,0.001351,0.024000,0.024067
0.004124,0.004266,0.004331,0.031972,0.032045
0.001046,0.001158,0.001223,0.020349,0.020413
0.000800,0.000891,0.000946,0.017951,0.018011
0.001194,0.001299,0.001354,0.029080,0.029146
0.000980,0.001068,0.001120,0.016974,0.017041
0.000819,0.000966,0.001038,0.037784,0.037853
0.000997,0.001091,0.001144,0.027558,0.027632
0.001186,0.001289,0.001339,0.029853,0.029920
0.001138,0.001267,0.001329,0.030475,0.030533
0.004186,0.004346,0.004430,0.034191,0.034250
0.001182,0.001303,0.001372,0.038930,0.038985
0.001067,0.001191,0.001255,0.021352,0.021411
0.001333,0.001460,0.001534,0.029836,0.029912
0.001033,0.001150,0.001201,0.021462,0.021517
0.001098,0.001245,0.001316,0.028937,0.028992
0.001034,0.001131,0.001185,0.025022,0.025085
0.001344,0.001453,0.001510,0.026757,0.026815
0.001085,0.001192,0.001246,0.019716,0.019788
0.000949,0.001074,0.001139,0.026309,0.026393
0.001113,0.001233,0.001293,0.041003,0.041071
0.000929,0.001045,0.001110,0.019614,0.019712
0.001031,0.001152,0.001214,0.020580,0.020637
0.000946,0.001075,0.001139,0.023079,0.023134
0.001137,0.001260,0.001330,0.023734,0.023804
0.001114,0.001263,0.001326,0.020696,0.020758
0.001162,0.001282,0.001353,0.024793,0.024873
0.001094,0.001202,0.001330,0.030984,0.031056
0.001806,0.001935,0.002022,0.026496,0.026568
0.001242,0.001363,0.001428,0.021355,0.021426
0.001105,0.001222,0.001306,0.027787,0.027862
0.001516,0.001630,0.001685,0.021034,0.021096
0.001652,0.001818,0.001883,0.028648,0.028718
0.001300,0.001415,0.001471,0.019646,0.019709
0.002727,0.002833,0.002892,0.029462,0.029528
0.001179,0.001297,0.001357,0.028515,0.028591
0.000926,0.001039,0.001100,0.031766,0.031827
0.000972,0.001074,0.001129,0.024873,0.024933
0.001345,0.001473,0.001534,0.022309,0.022364
0.001080,0.001194,0.001254,0.021800,0.021876
0.001099,0.001209,0.001268,0.031220,0.031293
0.001061,0.001180,0.001249,0.034492,0.034566
0.001222,0.001342,0.001398,0.040945,0.041029
0.001201,0.001301,0.001360,0.028825,0.028883
0.001383,0.001514,0.002339,0.023272,0.023331
0.001233,0.001359,0.001423,0.020966,0.021033
0.001020,0.001134,0.001183,0.034174,0.034242
0.000969,0.001094,0.001156,0.020963,0.021023
0.000956,0.001062,0.001115,0.019157,0.019218
0.000947,0.001056,0.001109,0.024157,0.024221
0.000820,0.000924,0.000983,0.019718,0.019774
0.001840,0.001945,0.002010,0.023481,0.023544
0.001380,0.001482,0.001538,0.021970,0.022028
0.001519,0.001635,0.001696,0.023804,0.023863
0.001300,0.001415,0.001471,0.023823,0.023891
0.001070,0.001182,0.001237,0.025629,0.025693
0.001106,0.001238,0.001310,0.029033,0.029114
0.001123,0.001228,0.001286,0.026560,0.026626
0.001285,0.001407,0.001463,0.022677,0.022753
0.001141,0.001255,0.001389,0.024282,0.024354
0.001183,0.001301,0.001363,0.025881,0.025936
0.001026,0.001141,0.001207,0.026962,0.027033
0.000994,0.001095,0.001153,0.020904,0.020969
0.000999,0.001099,0.001155,0.028011,0.028075
0.001003,0.001123,0.001185,0.023743,0.023799
0.001739,0.001840,0.001899,0.026443,0.026502
0.000989,0.001094,0.001149,0.019082,0.019144
0.001097,0.001220,0.001285,0.024194,0.024251
0.001257,0.001372,0.001432,0.023742,0.023811
0.001056,0.001172,0.001231,0.024157,0.024215
0.000988,0.001095,0.001152,0.024040,0.024104
0.001068,0.001194,0.001247,0.024562,0.024618
0.001306,0.001442,0.001511,0.028526,0.028593
0.001229,0.001565,0.001641,0.042459,0.042536
0.001061,0.001172,0.001232,0.022309,0.022372
0.001179,0.001305,0.001374,0.027683,0.027760
0.001184,0.001290,0.001350,0.023754,0.023823
0.001104,0.001228,0.001298,0.025856,0.025927
0.001393,0.001501,0.001561,0.019536,0.019603
0.001200,0.001332,0.001402,0.033567,0.033644
0.000952,0.001060,0.001114,0.024201,0.024267
0.000870,0.000995,0.001053,0.031317,0.031369
0.001007,0.001120,0.001179,0.021956,0.022016
0.000909,0.001028,0.001086,0.020190,0.020255
0.001071,0.001183,0.001241,0.033285,0.033341
0.000828,0.000945,0.001005,0.027406,0.027460
0.001041,0.001184,0.001254,0.034479,0.034536
0.001080,0.001199,0.001259,0.022084,0.022144
0.001288,0.001425,0.001496,0.021990,0.022061
0.000998,0.001107,0.001166,0.027183,0.027246
0.001182,0.001314,0.001389,0.028417,0.028493
0.000958,0.001074,0.001138,0.039726,0.039796
0.001150,0.001298,0.001370,0.019619,0.019692
0.001099,0.001219,0.001280,0.026429,0.026489
0.001147,0.001251,0.001310,0.026751,0.026815
0.002183,0.002305,0.002375,0.027003,0.027066
0.000984,0.001295,0.001359,0.022025,0.022090
0.001369,0.001510,0.001578,0.030600,0.030669
0.001024,0.001140,0.001194,0.021238,0.021309
0.001070,0.001187,0.001243,0.026465,0.026531
0.000903,0.001009,0.001065,0.019975,0.020042
0.000998,0.001120,0.001182,0.017788,0.017844
0.000972,0.001086,0.001149,0.030206,0.030271
0.001076,0.001188,0.001252,0.028037,0.028116
0.001206,0.001341,0.001404,0.033833,0.033903
0.001184,0.001312,0.001374,0.034142,0.034212
0.000943,0.001082,0.001168,0.030620,0.030694
0.001137,0.001273,0.001345,0.033880,0.033957
0.001230,0.001362,0.001425,0.027214,0.027271
0.000822,0.000936,0.000997,0.027375,0.027430
0.001140,0.001250,0.001305,0.032030,0.032093
0.001120,0.001247,0.001307,0.034384,0.034458
0.001043,0.001158,0.001215,0.023821,0.023881
0.001226,0.001338,0.001398,0.030307,0.030369
0.000866,0.000971,0.001029,0.023773,0.023829
0.000858,0.000964,0.001020,0.018100,0.018158
0.000978,0.001103,0.001160,0.019817,0.019891
0.001042,0.001160,0.001220,0.027750,0.027808
0.001477,0.001600,0.001659,0.023354,0.023431
0.001021,0.001126,0.001183,0.024786,0.024850
0.001120,0.001250,0.001319,0.020098,0.020179
0.000963,0.001086,0.001150,0.037356,0.037421
0.000849,0.000961,0.001034,0.019087,0.019169
0.004930,0.005088,0.005162,0.037128,0.037309
0.000930,0.001035,0.001097,0.022358,0.022425
0.001188,0.001286,0.001339,0.024168,0.024252
0.001352,0.001460,0.001513,0.023704,0.023774
0.001855,0.001960,0.002014,0.023232,0.023299
0.001126,0.001231,0.001287,0.025825,0.025892
0.001015,0.001151,0.001227,0.019255,0.019330
0.000857,0.000989,0.001052,0.023291,0.023344
0.001047,0.001165,0.001225,0.023467,0.023543
0.001029,0.001169,0.001236,0.018100,0.018682
0.001119,0.001236,0.001296,0.023395,0.023482
0.001119,0.001225,0.001289,0.020216,0.020291
0.001236,0.001356,0.001427,0.026639,0.026711
0.001127,0.001248,0.001310,0.024321,0.024384
0.001186,0.001325,0.001397,0.025120,0.025193
0.001191,0.001304,0.001364,0.031604,0.031673
0.001035,0.001190,0.001272,0.028484,0.028540
0.001004,0.001118,0.001177,0.024197,0.024277
0.001047,0.001159,0.001218,0.025479,0.025547
0.001108,0.001229,0.001290,0.030199,0.030293
0.001235,0.001385,0.001452,0.029707,0.029795
0.000970,0.001084,0.001146,0.027842,0.027917
0.001021,0.001128,0.001181,0.028942,0.029009
0.000964,0.001062,0.001118,0.029420,0.030076
0.001030,0.001136,0.001195,0.031329,0.031395
